Age,Salary,YearsAtCompany,JobSatisfaction,WorkHours,Promotions,DistanceFromHome,Attrition
59,59782,27,2,49,3,12,0
49,103533,31,2,37,2,30,0
35,97684,9,4,55,5,21,1
28,104558,17,3,62,5,2,0
41,106422,3,3,55,2,18,1
59,181328,8,10,66,2,28,1
39,186077,6,5,59,3,4,0
43,31638,7,3,60,1,42,1
31,62419,6,7,62,0,43,1
31,58377,2,5,40,1,6,0
44,131244,16,4,70,1,38,1
56,199188,1,3,34,4,9,0
44,192706,14,4,31,0,20,0
23,48382,28,2,42,2,45,1
42,178466,21,1,47,1,30,1
22,92789,3,3,55,3,37,1
44,135634,5,2,54,1,38,1
50,156936,25,1,73,2,4,0
58,124572,10,1,43,1,38,1
22,196294,25,2,34,5,13,0
41,169738,16,9,71,4,35,1
53,148664,23,5,31,4,30,0
32,177027,27,9,33,1,42,0
42,135674,34,8,41,4,4,0
45,128533,30,6,40,3,25,0
47,106845,12,1,33,0,31,1
48,94590,34,10,72,1,47,1
36,152775,15,5,38,3,12,0
35,91471,14,1,39,5,15,0
23,68298,17,7,56,3,26,0
57,73924,26,10,35,3,10,0
27,172781,34,8,44,5,12,0
41,34726,34,8,71,2,22,0
29,65542,27,7,60,1,40,1
59,176317,8,2,51,1,21,1
38,59753,11,5,35,1,35,0
24,104788,14,4,62,0,7,1
45,46316,20,5,58,3,18,1
34,109698,34,10,50,1,27,0
29,40960,32,9,59,4,35,0
46,55791,18,4,50,2,47,1
22,50216,22,8,65,5,2,0
40,188539,12,8,51,5,32,0
48,89427,0,2,75,0,15,1
27,137470,28,6,49,5,45,0
28,98290,23,5,51,2,24,1
55,72014,15,2,69,3,20,1
34,160150,24,10,40,5,10,0
37,75519,22,4,76,5,24,1
56,29042,27,7,60,4,24,0
24,74052,15,1,69,3,24,1
22,39389,10,9,42,1,40,1
26,120961,2,10,47,2,48,1
24,93111,14,1,51,5,48,1
49,130058,0,5,46,4,34,1
38,118715,6,7,67,2,41,1
46,75733,0,8,54,0,40,1
54,59754,31,2,61,4,11,0
30,174696,8,4,44,0,26,0
56,110886,28,2,42,5,1,0
34,182753,25,4,55,4,30,0
51,114524,22,6,79,1,43,1
35,106006,28,6,40,2,18,0
28,49704,32,2,42,2,26,0
34,119913,6,4,62,3,47,1
43,119108,11,4,79,4,9,1
41,32493,30,1,66,4,9,1
36,94639,31,2,67,0,1,0
38,79383,19,3,30,4,7,0
44,159066,16,5,68,2,44,1
46,72234,2,8,56,4,42,1
45,153674,0,6,65,3,16,1
49,30594,26,3,61,3,38,1
35,32371,32,6,70,2,11,0
21,72315,19,7,44,2,25,0
45,152251,13,6,60,2,29,1
27,104526,4,10,35,4,19,0
29,172698,22,6,54,4,18,0
44,111005,14,1,78,1,47,1
21,130573,5,3,47,5,29,1
28,163202,32,7,51,5,16,0
44,162900,18,4,60,0,46,1
31,82514,12,4,65,4,40,1
37,173955,28,7,38,1,8,0
28,199131,5,9,75,1,34,1
55,199004,14,2,32,3,6,0
55,100986,15,9,62,4,45,1
53,110959,23,3,56,1,45,1
25,27035,22,6,72,3,30,1
59,134767,9,4,30,0,44,1
48,196817,16,1,73,3,34,1
27,42241,29,9,38,0,21,0
29,77975,9,6,34,5,12,0
28,179226,18,8,44,5,49,0
32,181697,28,2,79,2,6,0
54,81396,1,7,38,2,39,1
53,143920,18,6,74,3,6,0
43,169403,6,2,57,2,4,1
44,111226,25,2,42,4,9,0
57,109719,14,4,53,3,5,0
55,88014,2,4,74,1,10,1
42,64346,15,3,39,4,47,1
47,95411,1,8,71,3,8,0
55,168326,30,7,51,5,23,0
21,184693,27,2,68,0,4,0
55,101441,6,3,51,2,37,1
57,71121,29,10,66,2,7,0
34,85197,6,9,68,2,6,0
23,109577,28,5,49,3,45,1
21,119634,23,2,39,4,42,1
25,198503,3,3,39,0,15,1
46,125211,28,8,55,2,35,0
34,160909,4,4,54,4,32,1
59,168687,28,2,57,1,14,0
47,26466,29,2,42,5,35,0
29,55771,28,6,44,1,11,0
35,108886,25,8,35,0,10,0
35,90911,18,7,41,2,17,0
46,176818,25,4,48,1,13,0
33,113422,26,2,61,5,34,1
52,98369,29,9,40,4,45,0
59,26893,29,4,67,4,5,0
52,55573,2,9,62,1,48,1
24,121907,6,5,31,2,10,0
50,196946,8,7,44,5,32,0
57,124956,12,5,65,0,12,0
43,143580,14,2,34,2,13,0
59,189439,4,6,44,3,21,1
35,177271,28,7,72,1,48,1
49,116404,34,6,39,3,33,0
56,82724,26,3,46,1,41,1
33,111133,26,10,63,0,48,1
52,192477,7,8,53,2,47,1
27,40989,31,3,39,5,32,0
42,53931,19,5,59,2,12,0
48,34290,9,9,32,1,46,0
22,194439,12,5,66,4,35,1
26,146136,28,7,32,3,36,0
48,104878,34,7,69,5,38,1
48,115477,7,5,34,5,48,0
40,151299,28,2,57,2,28,1
50,186205,30,5,73,2,13,0
31,130686,29,7,43,1,12,0
48,183124,21,7,68,4,22,0
45,132286,20,4,40,3,44,0
59,65475,11,1,37,4,2,0
53,107666,10,6,66,5,29,1
21,121622,1,3,37,4,13,0
47,160705,1,5,41,1,35,1
33,173376,33,4,44,4,13,0
23,132573,2,2,48,3,34,1
59,71546,15,7,77,5,19,1
26,32008,3,5,75,0,9,1
28,73291,22,7,57,5,31,0
47,183477,19,9,36,0,33,0
29,61386,24,4,69,3,27,1
57,115909,29,5,36,5,45,0
53,176899,17,9,59,5,2,0
44,58040,10,10,47,5,15,0
35,85354,28,4,53,5,19,0
52,103543,16,5,35,1,31,0
52,43157,25,5,33,2,16,0
44,60315,22,8,32,5,43,0
32,60932,19,4,78,1,15,1
59,177236,1,4,76,3,6,1
22,170486,23,7,35,5,14,0
23,170399,30,5,55,4,27,1
57,138880,26,6,73,5,38,1
37,157018,1,6,67,5,19,1
22,39693,13,6,40,0,37,1
22,52241,3,10,58,4,43,1
48,140194,12,5,49,5,4,0
43,120790,34,5,39,5,26,0
57,171612,7,9,55,5,9,0
52,97255,1,8,77,1,41,1
53,197275,5,4,56,3,49,1
21,181153,30,7,79,0,40,1
39,36350,9,8,43,5,15,0
22,81809,20,9,65,3,41,1
46,126894,9,5,41,0,37,1
52,122557,22,3,52,0,4,0
26,198904,2,4,50,0,26,1
52,184441,31,10,37,5,18,0
24,56728,19,6,68,1,41,1
31,42576,9,10,38,5,35,0
37,185073,28,5,53,5,41,0
58,108384,33,9,60,3,41,0
44,25390,19,3,54,2,29,1
25,70436,7,2,46,2,24,1
54,36569,6,6,71,2,4,1
26,169101,5,7,58,3,21,0
42,47490,10,5,32,4,39,1
31,70875,17,1,50,3,7,1
36,30867,28,3,37,0,23,0
53,105820,24,3,43,5,40,1
29,124515,20,4,68,4,21,0
26,34121,2,10,45,0,1,0
36,26539,17,6,47,5,41,1
49,173099,23,5,60,5,25,0
23,152402,9,1,40,0,31,1
40,99229,26,6,67,3,44,1
56,164993,11,9,49,2,38,1
39,75435,6,1,75,4,45,1
46,166382,16,8,74,5,5,0
23,88965,0,8,33,1,31,0
39,136048,25,3,49,5,1,0
40,121444,14,9,60,2,30,0
52,94922,32,8,49,5,18,0
27,122799,30,3,40,1,8,0
53,118948,34,10,79,3,26,0
59,168314,0,5,30,5,40,0
38,33947,7,3,73,4,15,1
21,73785,11,5,47,3,19,0
31,144963,18,9,68,1,10,0
48,25507,24,4,73,0,24,1
45,183223,31,6,62,5,16,0
43,36618,11,3,65,3,43,1
51,99286,12,3,47,5,31,1
50,41122,27,5,76,4,44,1
55,163426,0,8,60,5,16,0
27,134598,5,8,64,3,16,1
36,187051,7,3,68,2,28,1
46,111436,3,8,67,3,20,1
22,161109,4,8,44,1,35,1
21,53633,24,3,76,3,9,1
32,49495,21,10,35,4,40,0
25,89550,27,10,37,3,10,0
57,61483,22,2,69,3,45,1
52,138181,3,10,51,4,18,0
29,59069,3,2,30,3,45,1
55,163442,20,9,42,4,45,1
39,144873,1,7,53,1,15,0
36,141843,6,6,50,4,45,1
23,96947,15,7,74,1,30,1
40,195205,16,8,72,1,48,1
44,120761,19,1,33,4,32,0
53,138753,22,8,36,3,40,0
44,156764,33,3,41,5,27,0
31,53926,10,3,42,2,27,1
28,124782,33,6,73,5,19,0
56,129700,32,4,45,4,10,0
58,98984,25,4,35,3,44,0
40,199462,1,4,43,1,46,1
55,74593,22,10,77,0,6,0
45,100609,21,9,60,2,24,0
55,30209,33,8,65,5,9,0
45,151700,14,3,66,3,27,1
49,162605,9,1,70,2,7,1
38,111597,14,1,64,0,6,1
38,32211,28,1,39,0,33,1
22,34927,22,4,46,0,21,1
55,142333,16,6,71,5,46,1
36,180666,8,4,59,4,38,1
56,101382,8,3,73,2,44,1
53,164005,15,8,36,4,17,0
24,128780,32,8,47,0,31,0
53,65696,30,6,48,3,37,0
34,92616,5,9,44,0,11,0
41,162161,9,10,68,4,28,0
40,182195,15,1,73,0,5,1
28,163869,3,8,51,0,12,0
27,75013,21,6,68,4,3,0
23,164418,12,1,71,4,41,1
37,189744,15,4,59,3,38,1
53,173725,28,5,49,4,2,0
32,74556,5,7,61,3,26,1
42,148723,25,8,71,1,2,0
42,51140,10,9,54,1,12,0
50,26184,23,6,52,4,40,1
58,190565,28,10,34,0,2,0
58,180918,2,9,79,2,41,1
28,136361,9,4,70,0,16,1
47,178267,0,8,59,4,30,1
47,30606,25,3,77,3,47,1
54,160028,11,4,68,0,46,1
41,41555,13,10,56,1,36,0
50,115385,24,4,71,5,4,0
53,174762,7,6,66,4,11,1
48,83502,3,9,36,0,24,0
53,182419,27,6,34,5,18,0
25,128844,6,1,44,0,27,1
39,116321,9,5,71,3,37,1
24,74056,1,9,37,3,2,0
55,123234,25,5,38,3,15,0
37,66850,13,6,40,5,11,0
48,52843,15,3,51,2,27,1
50,87320,16,8,63,5,49,1
49,54793,21,10,64,4,48,1
26,195588,3,4,42,4,47,1
55,173929,18,4,40,1,23,0
57,44627,1,5,61,1,35,1
44,86822,8,10,71,4,30,0
49,80798,18,9,44,0,47,1
51,100318,15,8,67,4,24,1
55,129186,24,7,30,2,19,0
53,112902,17,5,75,1,29,1
41,184629,22,9,79,1,13,0
52,96334,20,9,53,5,48,1
43,131719,10,10,72,1,23,1
53,148099,3,10,69,4,12,0
23,198686,24,2,51,1,49,1
38,37720,31,4,32,1,48,1
45,82608,29,8,43,5,41,0
51,132449,25,1,31,4,29,0
23,127828,33,5,61,0,6,0
44,151613,8,8,77,1,23,1
52,97095,11,2,67,1,31,1
42,130924,1,2,62,1,45,1
43,121452,4,8,75,2,21,1
22,112593,4,10,71,4,24,1
47,191964,21,9,35,1,8,0
22,131975,4,7,70,2,44,1
46,102242,3,8,68,0,9,1
37,141041,8,5,54,0,22,1
53,151202,28,1,63,5,4,0
29,102606,21,4,40,5,13,0
59,148769,26,2,75,5,34,1
49,143542,9,3,66,2,3,1
46,131438,15,3,70,0,37,1
55,25924,9,9,36,5,28,0
45,76322,5,10,75,3,26,1
44,182550,4,4,77,5,46,1
33,96042,5,2,51,0,34,1
27,71418,24,3,77,3,15,1
56,125699,3,3,68,2,8,1
40,115140,31,7,39,3,48,0
21,36781,34,8,50,0,35,0
28,161587,9,6,35,1,24,0
36,142358,33,4,78,3,37,1
34,61133,5,6,30,0,4,0
32,122628,15,1,63,5,12,1
43,101946,18,10,43,1,19,0
35,110058,33,8,65,2,15,0
48,165167,24,1,56,2,30,1
54,176542,30,5,38,4,45,0
22,68129,16,2,35,2,37,1
52,33531,29,6,60,4,12,0
43,62038,30,9,46,2,19,0
42,112939,18,5,72,2,34,1
45,67674,34,4,65,2,7,0
42,152572,28,2,50,4,28,1
42,54831,0,3,56,5,28,1
26,82174,3,6,70,4,29,1
35,36279,27,8,57,3,37,0
57,194292,17,8,45,0,20,0
53,85610,25,5,64,0,11,1
28,78051,18,5,65,5,39,1
25,81652,5,10,64,0,42,1
59,90524,0,3,74,2,23,1
24,31470,7,7,48,5,46,1
26,197870,32,6,50,0,20,0
52,78473,20,1,62,4,20,1
50,175952,23,4,52,3,11,0
55,69439,24,6,35,1,2,0
36,39308,18,6,61,3,13,0
33,116563,28,3,51,0,13,0
50,60081,9,6,32,5,41,0
39,34837,11,10,64,0,49,1
37,143128,32,6,45,4,15,0
39,192896,6,9,71,3,31,1
48,189145,16,9,54,4,23,0
46,137651,9,2,46,4,22,1
57,122624,30,4,68,1,16,1
46,182371,5,9,42,4,42,1
43,55063,16,4,57,4,29,1
29,94453,17,8,40,1,20,0
32,127166,25,10,39,2,28,0
21,39506,15,3,68,2,27,1
21,138604,7,3,53,5,44,1
54,51026,23,9,67,1,29,0
52,183744,12,10,53,5,5,0
45,194489,28,8,62,5,49,1
21,77413,31,1,46,4,42,1
36,90066,23,10,73,5,38,1
59,75971,15,2,65,0,38,1
25,183353,10,3,64,3,44,1
42,138978,31,2,35,0,2,0
49,184163,5,3,45,0,45,1
23,75494,34,8,74,4,20,0
32,128864,32,6,57,3,43,1
46,174682,17,7,70,5,47,1
36,157151,12,10,61,3,13,0
57,120386,9,10,55,5,26,0
42,111126,25,6,40,2,35,0
49,187023,16,1,54,1,46,1
34,105863,0,3,60,4,8,1
48,103291,24,1,50,5,28,1
25,150659,33,10,74,5,41,1
50,32235,9,9,32,3,15,0
25,107733,19,9,41,4,8,0
32,87712,6,5,69,5,11,0
36,177545,15,4,75,2,29,1
46,150849,28,9,70,0,5,0
46,104823,11,9,54,5,47,1
41,129215,16,3,46,3,47,1
59,57230,19,5,67,2,7,0
56,109573,25,3,65,4,18,0
53,65644,18,10,65,5,28,0
50,70203,11,2,48,2,12,1
57,91677,20,1,73,2,12,1
43,181497,33,10,31,2,36,0
30,148246,6,2,46,2,29,1
25,109817,34,8,59,2,11,0
56,94806,14,8,76,2,6,1
54,67814,0,3,39,1,21,1
51,95219,25,7,64,4,10,0
30,195956,34,7,65,0,32,1
39,120345,24,2,62,4,47,1
52,125088,14,9,30,3,33,0
21,94322,21,3,47,3,17,0
25,46650,5,2,33,4,3,0
24,119242,14,3,76,2,43,1
36,165262,23,2,56,1,18,1
44,63196,20,8,54,0,10,0
36,195521,6,5,57,5,41,1
22,195733,28,3,51,5,39,1
48,54709,31,5,71,2,43,1
52,105428,31,8,54,4,8,0
47,34943,4,7,46,5,34,0
40,199312,3,6,73,4,37,1
44,46042,21,1,41,1,41,1
32,68894,17,10,45,1,33,0
55,162941,34,1,66,4,49,1
53,81759,16,1,45,2,10,1
53,130973,23,10,46,2,40,0
57,69306,1,8,60,2,18,1
32,133369,12,8,44,5,25,0
23,176990,14,7,42,0,42,1
21,53379,4,6,69,0,41,1
53,145667,2,4,56,2,36,1
30,159034,2,1,50,4,2,1
49,169923,34,9,31,1,19,0
33,142626,22,1,37,3,10,0
32,150180,27,4,71,1,49,1
51,77349,29,3,36,1,3,0
22,170817,17,7,39,3,19,0
55,30730,32,5,33,2,26,0
43,169993,25,5,72,1,47,1
37,44023,16,4,70,3,25,1
46,151796,6,1,65,5,17,1
28,106533,7,5,64,4,10,0
49,108286,30,4,72,4,46,1
46,66979,11,10,32,4,11,0
30,47837,30,8,47,2,11,0
46,171069,18,2,75,1,12,1
54,129975,9,8,72,1,40,1
27,45923,11,1,53,0,48,1
24,33876,19,4,61,4,8,1
31,85973,6,3,63,2,24,1
49,158959,13,5,31,3,14,0
56,67422,10,5,31,2,23,0
45,76413,6,5,39,1,36,1
41,127484,28,4,52,4,17,0
56,158913,9,8,44,0,45,1
30,53756,28,3,41,5,5,0
57,96576,8,4,72,2,3,0
29,143248,9,1,46,0,9,1
44,35304,18,7,47,1,20,0
55,55341,30,1,43,3,20,0
55,160830,16,2,46,2,19,0
56,173082,8,7,44,5,21,0
38,152039,32,1,41,1,16,0
59,187730,33,3,45,4,33,0
52,157447,23,6,61,2,5,0
44,124485,8,6,52,0,24,1
43,47092,6,6,67,2,15,1
52,156562,15,2,63,1,26,1
57,28729,18,2,63,1,44,1
32,162046,5,6,45,0,25,1
33,143222,10,10,63,5,28,0
43,110216,11,5,69,1,33,1
45,108860,12,7,36,2,46,0
55,121870,11,7,62,5,18,0
50,46398,20,5,33,0,18,0
37,59650,9,8,72,1,38,1
40,177364,19,10,36,1,33,0
45,128889,27,6,47,2,27,0
42,28159,23,5,33,1,49,1
33,123162,4,4,78,2,15,1
39,127834,11,7,40,4,44,1
56,173137,34,4,72,5,13,0
32,46638,1,5,49,2,34,1
39,26073,8,5,40,3,4,0
32,54320,21,1,44,1,35,1
29,59924,4,1,75,4,19,1
27,196806,11,3,46,5,31,0
48,93116,0,3,63,0,25,1
34,196097,21,2,79,3,40,1
51,27159,18,2,77,0,12,1
39,73940,15,6,41,3,12,0
36,104436,30,1,71,4,42,1
25,39678,2,6,57,5,25,1
55,168093,22,5,77,4,33,1
32,162844,17,6,64,4,37,1
45,92163,25,5,37,3,28,0
41,179536,12,7,56,2,43,1
56,76137,17,1,51,5,9,1
43,186304,2,3,53,0,14,1
36,86497,22,6,31,2,3,0
59,125485,2,1,60,2,5,1
59,130468,24,7,51,1,26,0
34,25901,26,4,30,0,41,0
51,112980,26,3,43,3,18,0
25,132594,24,10,54,1,38,1
55,27881,23,9,65,1,21,0
43,54863,7,1,65,4,39,1
49,161694,8,8,70,3,16,0
31,157450,29,1,32,2,40,1
38,70201,18,5,34,5,23,0
32,84251,15,10,30,2,29,0
29,97572,23,8,48,2,10,0
30,64255,20,6,62,4,5,0
37,88212,5,7,71,2,11,1
58,75210,4,8,59,0,29,1
27,150629,13,6,41,2,45,1
33,47499,3,6,39,2,27,1
29,127552,7,6,63,0,34,1
47,86360,23,5,45,4,14,0
22,160675,10,8,69,1,41,1
25,152466,16,2,75,3,42,1
49,110473,20,7,58,4,10,0
57,168704,25,4,44,2,42,1
58,186679,26,1,77,1,11,1
39,116873,15,5,40,3,11,0
28,90756,25,3,73,3,35,1
21,81344,32,4,63,3,19,0
42,163421,30,7,65,0,24,0
37,96154,5,5,59,0,1,0
27,52464,7,4,64,1,12,1
45,198696,6,1,38,2,47,1
24,146897,33,6,47,1,14,0
56,62344,13,10,48,2,3,0
26,108791,15,6,68,4,45,1
51,180371,8,7,33,3,32,0
39,157534,9,1,35,3,16,1
59,145209,16,4,62,0,38,1
47,106441,11,9,61,4,10,0
30,115456,5,10,45,5,17,0
46,106788,18,6,40,4,49,1
39,196653,28,2,51,2,40,1
59,39175,5,4,65,4,4,1
23,162263,24,6,79,0,15,1
33,108434,23,4,52,2,33,1
48,109518,24,10,55,1,39,0
40,91537,15,7,60,2,10,0
48,140721,15,3,58,1,7,0
28,72645,5,6,34,5,33,0
59,48283,20,4,67,2,17,1
21,111971,3,3,54,3,12,1
23,117759,33,3,63,5,17,0
33,127780,27,2,41,1,47,1
48,186096,27,3,51,0,16,0
45,55734,16,10,38,5,14,0
53,25515,13,1,49,5,3,0
58,135782,6,3,58,5,44,1
26,91727,21,9,73,1,30,0
52,134164,0,4,58,1,46,1
41,71216,28,3,74,2,41,1
36,96833,30,8,56,3,35,0
41,83755,29,1,46,5,26,0
31,52856,14,5,34,2,12,0
57,98870,17,1,74,2,31,1
56,180234,34,7,42,3,17,0
55,162080,29,5,71,2,37,1
39,32987,33,2,44,3,8,0
40,121502,10,1,44,0,19,1
38,159404,26,7,47,3,26,0
34,91323,23,1,79,4,4,1
35,195062,34,3,31,3,15,0
51,34873,7,6,52,3,47,1
21,192516,17,6,72,4,14,0
23,191412,12,7,42,3,30,0
36,130219,23,1,72,1,48,1
43,30033,22,7,33,2,42,0
31,98324,11,2,76,2,24,1
32,40689,29,6,54,0,46,1
30,134756,30,8,40,0,43,0
52,25066,27,5,79,4,34,1
36,139159,21,10,77,1,19,1
28,32533,27,3,71,0,3,0
58,140828,12,8,41,2,4,0
32,84658,24,8,42,0,11,0
44,63498,6,4,38,0,13,0
48,134028,5,8,74,3,18,1
28,36772,23,5,67,0,19,1
48,114385,18,5,35,4,44,1
56,37940,18,3,72,2,33,1
46,143027,8,7,72,4,38,1
28,41932,28,9,39,4,3,0
48,49648,23,9,52,5,49,0
48,57966,4,1,44,1,35,1
57,183849,25,1,74,5,1,0
56,188639,13,10,52,5,35,0
47,173246,28,5,69,3,36,1
37,67598,5,1,66,4,38,1
29,169870,6,4,63,1,39,1
53,173630,17,1,45,2,25,0
40,86084,22,2,74,2,40,1
33,156250,0,2,70,1,13,1
48,42118,3,4,76,4,4,1
49,47616,34,8,61,4,6,0
33,156870,22,2,67,3,11,1
55,32601,26,9,69,3,1,0
26,50363,25,9,75,5,8,0
38,27795,7,2,34,2,34,1
25,122462,15,1,46,3,40,1
45,127892,2,10,51,1,9,0
22,97833,31,10,68,2,36,0
30,28084,4,9,70,4,49,1
50,120865,19,2,77,2,39,1
25,25731,13,8,47,0,42,1
53,157201,31,3,57,2,37,1
21,184094,25,1,42,3,42,1
38,26605,5,1,79,1,44,1
52,102506,4,10,71,4,21,1
31,69130,12,2,30,4,20,0
41,185337,31,7,79,3,38,1
46,188402,15,6,48,3,1,0
45,93469,0,2,63,3,35,1
42,171259,12,4,33,0,28,0
47,181863,10,2,72,1,7,1
33,115436,7,1,32,0,43,1
53,137341,24,3,70,3,44,1
54,195939,31,4,39,1,9,0
55,156965,23,10,57,3,1,0
21,124694,27,5,63,1,36,1
41,44773,13,5,68,4,34,1
26,29239,2,7,76,0,34,1
48,45863,26,10,48,5,17,0
37,76415,19,8,71,3,32,1
25,93968,14,9,75,3,2,0
51,85430,26,7,65,2,36,1
25,26515,27,5,72,5,25,1
58,122206,24,9,32,4,43,0
23,170677,32,8,52,3,26,0
43,81240,13,10,46,0,45,1
57,30586,7,9,36,4,26,0
57,145419,13,10,55,3,21,0
30,147374,0,8,72,0,18,1
30,56186,15,6,47,2,29,1
39,51928,17,4,75,2,24,1
37,147990,6,9,75,0,47,1
41,112029,14,9,35,4,28,0
34,45711,23,10,60,0,12,0
29,79962,12,10,58,5,11,0
21,45039,8,9,38,0,27,0
33,61561,14,10,64,2,23,1
24,26577,34,3,46,2,33,0
21,132792,23,3,41,2,16,0
52,184422,32,6,65,5,28,0
54,189870,15,6,77,3,28,1
48,35785,7,6,53,5,45,1
51,97227,28,5,39,3,38,0
28,143680,22,5,59,5,6,0
59,86957,30,2,58,1,42,1
46,90431,13,7,68,3,29,1
54,173369,29,4,39,4,34,0
23,96894,26,3,68,4,3,0
32,175653,15,8,57,2,6,0
21,80192,5,4,47,5,48,1
25,26462,32,4,70,0,38,1
50,153848,17,8,79,2,13,0
50,171583,15,1,46,0,36,1
37,101106,11,9,40,5,15,0
43,73665,19,7,30,2,6,0
35,106010,28,2,46,2,33,1
57,97573,29,6,65,4,41,1
41,132803,25,8,65,0,12,0
34,144682,21,5,75,1,43,1
22,38386,32,6,38,1,13,0
31,149069,28,10,74,2,33,0
59,79460,21,8,57,5,28,0
58,162293,12,6,77,2,36,1
54,179546,8,9,62,4,5,0
58,140375,23,9,32,0,25,0
54,137660,14,9,37,2,17,0
38,177117,12,6,79,5,37,1
50,116319,26,9,35,1,19,0
35,141582,6,3,35,0,35,1
47,160994,7,5,58,2,43,1
54,178778,13,2,66,0,34,1
58,67771,11,8,41,4,46,0
53,77335,16,4,38,1,6,0
44,77949,28,6,70,5,19,0
35,120558,26,6,78,0,1,0
50,171312,0,5,48,1,7,1
37,127272,33,1,46,2,34,1
25,27716,3,7,77,5,19,1
49,172646,23,10,73,5,33,0
24,176285,20,8,61,3,26,1
30,96916,32,1,64,0,41,1
37,75906,6,10,43,1,49,1
30,25463,0,7,78,0,42,1
37,188045,2,4,45,2,27,0
40,99694,14,6,50,2,38,1
44,176723,30,9,41,5,26,0
25,93694,15,5,53,5,35,1
54,45008,9,8,63,1,20,0
26,95474,28,5,37,4,24,0
22,63185,5,2,73,0,47,1
33,112924,28,4,50,0,21,0
31,59980,16,2,77,2,26,1
43,47504,21,7,37,0,20,0
36,79970,23,7,57,1,6,0
51,41766,16,3,45,3,3,0
31,141944,20,7,39,5,10,0
36,118922,10,1,44,2,12,0
28,167767,6,1,33,5,33,0
24,173868,4,9,55,5,22,0
24,198615,20,6,44,5,16,0
45,170631,17,5,65,3,17,0
23,189211,34,6,61,0,10,0
52,145494,19,6,72,4,12,0
23,33802,14,1,67,5,19,1
47,196277,4,5,33,1,40,1
49,59159,12,9,70,5,23,0
52,36516,11,4,38,5,40,1
39,75492,20,3,64,0,10,1
41,54086,5,1,57,1,10,1
25,138758,6,2,66,0,10,1
38,55480,25,3,76,5,39,1
48,153023,7,4,38,0,30,1
42,135195,8,7,31,0,4,0
41,63737,26,6,32,2,1,0
26,34265,3,8,73,3,43,1
21,139165,20,9,77,4,19,0
25,144501,30,6,34,3,5,0
32,95990,20,7,39,3,30,0
46,40386,24,4,57,1,26,1
54,129718,14,2,44,2,40,1
34,62425,34,9,43,2,34,0
46,146635,27,9,75,0,2,0
47,199326,13,4,52,3,24,1
29,78634,3,3,42,4,14,0
46,111988,19,10,45,1,41,0
42,131337,33,6,59,2,42,1
50,166215,11,3,69,0,13,1
37,171653,32,1,37,4,29,0
46,92443,23,4,46,3,1,0
56,54424,19,1,59,4,46,1
21,113844,4,2,46,2,34,1
28,66984,29,3,64,1,4,0
55,66505,23,8,30,3,28,0
35,127478,6,10,78,1,19,1
42,87699,15,4,53,5,1,0
34,183029,14,4,77,4,36,1
46,181536,22,10,78,4,43,1
48,139012,11,9,54,0,13,0
43,179721,28,7,31,3,42,0
34,198137,14,2,54,4,5,0
44,59758,28,3,43,2,33,1
22,161668,20,4,68,5,14,1
46,41374,14,4,62,2,16,1
34,143686,13,10,46,1,32,0
27,28775,15,8,60,5,27,0
23,52388,14,10,39,5,35,0
43,148800,3,10,35,2,3,0
38,46029,26,6,68,4,4,0
58,108981,22,3,54,2,7,0
55,78639,28,9,67,3,13,0
35,139010,8,10,66,1,41,1
45,170717,6,8,59,5,3,0
57,56105,3,9,63,3,17,0
48,169740,4,5,47,4,47,1
30,172032,4,3,53,4,10,0
59,151519,10,4,78,2,47,1
37,167429,27,5,56,0,1,0
59,127739,15,9,56,5,28,0
42,76796,29,9,68,5,10,0
46,40804,3,3,50,0,7,0
45,152732,1,7,48,4,39,1
37,170698,2,6,68,4,3,0
33,184204,20,4,52,5,7,0
40,32951,5,5,68,1,9,1
45,162521,17,10,77,5,40,1
24,44065,4,2,73,4,35,1
30,126503,8,7,76,4,26,1
23,130072,19,4,44,1,5,0
38,165202,27,2,72,3,13,1
56,114360,25,6,31,3,45,0
42,87287,17,2,64,1,30,1
54,193065,18,10,49,1,40,0
28,187947,2,2,57,3,39,1
39,162126,8,7,44,3,10,0
57,132357,30,1,45,3,42,1
26,54670,16,7,62,3,23,1
46,74112,22,10,76,5,11,0
54,113388,33,5,41,5,12,0
26,114156,4,1,68,2,13,1
57,184379,14,6,68,1,40,1
53,72922,2,7,72,0,49,1
42,118348,18,1,49,2,46,1
41,104335,27,9,58,0,49,1
26,51312,2,7,72,0,16,1
26,91985,3,1,78,4,9,1
24,155744,23,3,32,1,10,0
50,125963,30,5,77,5,29,1
31,196349,10,4,34,2,9,0
50,56551,0,2,31,1,33,1
51,114813,8,1,52,3,24,1
44,126025,16,4,55,1,35,1
29,149342,0,7,55,0,11,0
23,34637,2,4,36,5,39,1
51,68258,25,9,39,3,13,0
57,191765,30,8,34,1,23,0
56,165896,25,8,76,1,25,1
44,154553,22,5,41,5,16,0
51,51950,29,1,61,0,48,1
26,179560,9,9,71,3,21,0
22,152870,7,2,60,0,10,1
40,25215,24,6,51,5,41,0
48,130603,21,10,46,1,40,0
31,36523,14,5,49,2,19,0
24,93689,9,10,49,2,35,1
35,48834,19,8,72,4,28,0
26,59474,22,3,37,2,41,1
50,68066,0,6,76,5,2,1
58,35400,1,6,63,5,30,1
22,150211,18,10,78,5,40,1
35,35345,13,3,52,3,40,1
31,58896,7,7,67,4,5,0
28,53899,11,4,57,3,38,1
46,53229,25,5,42,2,42,0
25,30583,26,9,58,2,15,0
26,160969,28,6,37,1,36,0
46,96537,14,10,40,3,3,0
24,160639,0,4,76,0,24,1
39,99807,27,8,74,1,41,1
40,154648,2,9,47,3,48,1
53,137652,17,10,79,5,48,1
40,169401,33,5,54,4,47,1
32,96792,31,2,78,3,41,1
21,156300,28,6,51,4,49,1
46,62052,24,8,74,4,12,0
34,71032,25,5,64,2,8,0
58,58686,7,1,58,0,14,1
57,101981,18,8,50,3,18,0
31,123802,21,9,36,0,44,0
56,158881,28,1,41,4,46,1
33,197857,32,8,65,2,20,0
23,192619,34,10,53,0,23,0
53,67818,2,2,61,1,5,1
26,125422,18,4,56,4,1,0
30,96927,9,2,61,1,45,1
25,104465,26,2,61,5,46,1
43,138221,14,10,61,0,2,0
30,62333,10,3,55,0,16,1
22,151457,25,8,40,0,5,0
33,41576,23,4,75,5,22,1
22,144875,12,7,47,3,1,0
40,64405,31,10,68,4,12,0
21,119000,3,3,34,4,19,0
57,56601,12,10,45,4,22,0
29,92946,8,3,40,3,42,1
37,77116,33,2,64,0,44,1
29,129186,6,6,77,0,48,1
31,87894,0,6,40,5,17,0
35,190707,11,1,71,1,13,1
44,32465,20,7,52,3,39,0
58,81754,10,4,63,2,28,1
55,117850,13,3,77,3,3,1
50,134765,33,8,46,5,5,0
51,117691,33,2,39,1,36,0
25,63871,24,9,47,1,15,0
34,54511,3,8,73,1,17,1
31,105960,25,8,37,0,44,0
29,90776,15,3,55,2,46,1
54,69462,9,4,32,1,29,0
32,57574,1,2,53,4,4,0
55,127072,34,2,32,0,32,0
55,197982,18,4,67,2,49,1
21,181258,5,6,31,4,43,0
42,178885,18,5,64,2,38,1
49,103282,7,1,46,5,4,0
28,134779,13,10,38,2,13,0
31,43557,9,1,65,4,20,1
57,184132,2,6,51,3,47,1
34,97104,28,3,60,2,18,1
50,162152,14,3,63,3,49,1
55,169926,22,7,53,2,42,1
41,147013,22,1,38,5,37,1
57,183097,17,1,75,4,12,1
25,66081,18,10,72,2,25,1
39,160440,27,3,31,1,30,0
34,144181,25,8,50,5,15,0
46,52094,9,1,63,1,36,1
24,91766,3,10,56,5,8,0
45,108053,1,4,66,5,28,1
45,180063,2,9,36,2,22,0
38,26301,6,4,51,4,49,1
28,184682,15,10,33,4,38,0
59,106463,30,8,43,0,16,0
34,190750,9,7,63,4,5,0
52,49466,18,3,52,3,46,1
58,196947,27,7,73,2,34,1
53,51081,16,7,71,1,49,1
43,49354,27,10,54,4,38,0
35,118297,18,3,30,1,11,0
53,43300,22,2,77,0,2,1
45,89384,19,9,44,2,25,0
37,120027,12,1,61,4,25,1
53,146684,12,7,43,1,1,0
22,85892,10,4,70,5,31,1
34,60525,14,2,50,4,5,0
59,182604,16,2,76,0,40,1
26,31464,27,8,36,5,4,0
26,41562,18,7,65,1,5,0
23,132392,3,7,50,1,5,0
27,80514,21,5,79,2,16,1
28,138428,21,10,69,2,18,0
35,137564,33,8,41,1,43,0
49,133047,32,2,44,5,17,0
53,57634,32,2,44,2,35,1
50,25060,11,5,46,1,18,0
59,34269,1,1,63,5,4,1
47,48065,27,6,73,3,31,1
56,27895,9,4,64,4,31,1
49,105859,21,6,68,3,9,0
58,168424,16,7,67,3,31,1
53,129127,25,3,43,4,5,0
57,121426,2,8,34,1,36,0
47,188088,6,7,59,1,16,0
53,36962,7,1,33,2,42,1
24,58302,19,6,44,0,41,1
42,110382,11,7,68,1,16,0
22,29011,34,4,64,4,20,0
30,154716,16,2,74,0,30,1
25,44782,27,10,39,4,26,0
30,145654,9,9,31,4,49,0
53,195797,21,7,73,4,31,1
58,34196,32,1,53,0,15,1
33,68459,21,8,57,3,41,1
51,112245,12,3,51,5,38,1
56,103863,26,4,73,4,38,1
44,148206,14,5,61,2,43,1
35,126010,21,1,60,1,20,1
49,57769,29,6,48,5,35,0
28,132529,33,10,50,1,23,0
25,49700,33,6,32,1,44,0
49,30269,34,2,35,0,47,1
24,146631,18,10,61,2,39,0
32,68880,7,6,31,2,25,0
22,139003,32,8,53,5,22,0
47,164392,27,6,74,2,47,1
51,74589,24,4,56,2,8,0
56,60897,16,4,38,2,9,0
56,187002,23,9,42,5,15,0
46,39380,20,6,43,3,48,1
47,95934,1,8,40,2,20,0
25,80830,30,8,43,2,35,0
40,30529,32,7,45,0,37,0
31,119598,29,3,39,0,3,0
30,107987,11,10,49,2,34,0
58,74178,11,1,45,3,34,1
26,163009,23,5,63,2,36,1
28,146952,23,10,45,2,35,0
43,64886,10,10,43,2,9,0
46,74699,12,2,57,4,30,1
32,101396,26,10,47,3,26,0
46,115678,7,2,55,1,12,1
33,50279,9,7,67,2,24,1
38,194178,7,3,36,1,41,1
45,135776,19,8,74,3,19,0
53,126444,7,9,63,2,44,1
32,131300,8,8,76,1,16,1
56,138793,6,6,78,5,26,1
24,141278,13,5,74,1,23,1
25,196616,27,3,36,3,33,0
57,128247,1,3,62,2,42,1
28,33997,7,7,64,4,30,1
48,131102,12,5,79,3,23,1
51,110711,20,6,68,4,10,0
29,141045,27,6,50,2,36,0
49,65860,34,9,78,1,31,1
34,28225,22,1,57,5,43,1
42,135114,14,8,61,5,22,0
31,138218,1,10,73,3,43,1
43,125764,11,5,45,3,43,1
21,132041,2,6,39,3,38,1
57,137224,4,6,52,0,47,1
41,88656,2,1,77,5,2,1
46,101290,18,3,79,5,23,1
56,81633,1,6,44,2,35,1
43,51655,16,9,72,0,37,1
21,146118,13,6,79,3,32,1
35,199673,27,6,35,3,43,0
41,28114,26,1,62,4,12,1
29,51502,9,9,68,0,35,1
29,74768,2,4,41,1,41,1
30,73128,24,2,65,5,3,0
46,176100,21,1,60,2,34,1
55,108123,29,3,39,1,38,1
45,133255,20,3,63,1,24,1
46,191405,29,5,70,2,38,1
31,28174,27,1,39,3,17,1
58,142769,30,7,40,5,40,0
22,60398,25,1,43,4,1,0
27,192001,21,4,32,3,8,0
38,160393,20,6,62,3,15,0
47,148549,0,1,36,0,45,1
54,97635,12,7,33,1,25,0
47,48760,20,10,68,1,8,0
37,167432,8,7,77,5,32,1
44,166385,16,3,39,1,13,0
45,155674,20,4,44,4,46,1
27,161873,30,6,45,4,15,0
26,39130,21,7,67,4,6,0
44,170343,11,4,33,2,33,0
53,172147,5,10,33,5,7,0
49,132215,15,9,65,4,33,1
42,175056,25,9,56,0,47,1
46,113095,4,9,51,0,29,1
48,85942,8,10,51,3,38,0
41,168933,13,6,46,3,37,0
27,123970,29,2,74,5,44,1
37,107203,25,2,63,3,32,1
40,177049,28,4,61,3,3,0
40,113177,18,9,35,0,20,0
42,97902,7,3,62,3,14,1
48,117172,22,6,37,0,28,0
27,171702,34,2,79,4,38,1
21,45056,30,1,65,4,4,0
52,163454,34,5,34,5,15,0
33,80739,31,8,34,2,17,0
50,106685,4,10,76,3,37,1
43,73639,15,10,39,4,24,0
39,25992,16,2,69,4,38,1
52,97394,31,10,36,5,42,0
50,92657,31,9,41,1,41,0
49,52160,19,8,59,1,36,1
49,70156,1,3,54,5,41,1
50,111442,19,1,57,0,8,0
36,175644,17,4,72,2,3,0
39,142925,0,8,42,5,30,0
38,29136,28,3,76,1,22,1
21,86868,28,10,78,2,33,1
34,107263,18,2,51,4,25,1
22,57167,5,7,47,5,30,0
48,135957,7,4,56,0,37,1
50,40479,23,6,37,2,3,0
58,144392,19,5,35,1,4,0
24,187448,13,2,40,4,29,0
21,160895,4,10,58,5,32,1
28,44585,33,2,70,3,23,0
49,173344,15,9,34,4,19,0
59,51619,6,10,36,1,15,0
23,100069,15,2,51,5,16,0
52,64895,6,8,76,1,23,1
30,28720,26,8,33,3,40,0
30,44267,13,1,61,4,46,1
39,171768,13,1,48,2,37,1
54,186040,32,4,74,2,1,0
53,78364,32,2,62,4,19,1
43,179417,19,1,30,2,37,1
48,76567,6,9,75,5,35,1
52,116229,31,3,70,4,30,1
27,175457,2,1,73,4,17,1
49,103518,28,2,79,1,39,1
28,107844,23,8,70,0,49,1
21,188991,21,5,37,1,26,0
23,115697,5,7,61,2,13,1
44,82196,23,6,59,0,22,0
43,140600,22,1,75,4,46,1
28,125625,9,6,57,2,23,1
57,156567,15,7,70,3,44,1
23,69755,10,4,61,2,43,1
53,58324,31,8,54,0,33,0
48,103929,5,8,63,0,27,1
28,157624,23,7,62,4,35,0
54,76272,32,2,42,5,12,0
55,191925,11,6,54,3,9,0
52,188996,26,6,71,4,34,1
44,99462,17,7,69,3,14,1
34,179961,12,6,68,3,37,1
52,79675,29,2,73,4,3,0
36,98591,12,8,78,2,44,1
24,178706,33,4,73,1,44,1
57,57363,29,9,77,3,21,0
41,102004,24,8,39,0,7,0
34,65718,1,3,60,4,33,1
51,138627,17,3,73,5,35,1
38,51870,4,8,40,2,11,0
27,62394,18,2,54,3,45,1
30,77057,17,9,75,5,32,1
27,104795,31,4,74,2,22,1
53,105409,20,6,63,4,42,1
43,38016,9,3,49,5,19,1
41,67137,21,3,36,0,36,0
39,156225,12,3,62,3,37,1
39,163925,16,10,64,3,11,0
56,37379,8,2,58,5,41,1
49,171864,23,8,41,2,13,0
38,146169,13,9,34,4,28,0
22,194439,7,8,41,1,49,1
21,174172,18,10,58,3,15,0
25,151082,27,3,64,0,13,0
40,138089,29,7,49,3,43,1
31,36049,6,10,66,3,33,1
22,156858,25,2,30,1,8,0
23,186771,10,4,45,1,32,1
43,147784,13,6,59,4,37,1
32,72691,20,5,38,3,48,1
40,193112,7,9,71,3,4,0
25,82986,2,10,39,2,18,0
57,194834,27,4,42,2,23,0
58,179672,28,5,77,5,29,1
50,119774,22,4,49,5,2,0
29,175882,17,8,58,0,13,0
54,130315,34,8,33,0,16,0
55,82204,12,3,75,2,8,1
42,45085,11,1,78,5,19,1
44,195851,4,6,57,0,32,1
37,58980,10,2,66,3,3,0
30,81117,10,2,42,5,49,1
50,170213,30,3,32,1,32,0
43,165416,30,8,66,5,41,0
52,40896,12,3,77,3,21,1
37,114353,13,7,48,2,25,0
37,54813,24,10,57,4,17,0
34,90679,32,10,48,4,25,0
29,166753,32,9,46,2,33,0
22,28228,14,8,47,3,31,0
45,160654,15,1,47,0,36,1
59,36397,5,7,52,5,23,0
29,194871,24,7,69,5,47,1
42,62011,14,8,79,0,44,1
24,104183,3,10,38,4,25,0
46,118254,3,5,58,2,49,1
49,67317,29,10,71,2,44,1
54,127489,33,9,58,1,48,0
43,65096,26,9,31,4,30,0
57,78785,30,8,46,2,13,0
31,77344,31,6,74,1,43,1
26,145382,8,6,60,0,47,1
38,184484,7,1,57,4,29,1
41,135489,13,6,72,4,16,0
56,36549,32,4,77,2,38,1
58,50739,22,4,68,2,27,1
54,46209,20,2,59,3,26,1
37,132051,11,4,64,0,11,1
57,40116,1,5,77,0,47,1
45,45045,12,5,49,5,37,1
58,182399,3,5,45,1,3,0
32,60709,19,4,63,1,26,1
43,68617,13,1,43,3,34,1
42,182977,29,10,55,5,33,0
41,144779,28,8,49,0,15,0
47,67919,7,3,71,1,2,1
51,108521,11,2,53,0,28,1
26,31447,25,9,72,0,20,0
47,30499,1,7,47,5,38,1
54,64041,13,9,72,1,44,1
32,56315,5,2,38,2,16,0
27,157371,30,9,48,2,46,0
30,145506,16,10,49,5,4,0
37,161066,24,9,71,1,8,0
46,163561,31,9,59,3,44,0
41,116647,11,10,55,4,46,1
48,57355,12,10,60,5,20,0
22,98805,18,4,64,0,26,1
21,93367,24,10,32,5,32,0
56,134906,30,3,69,4,13,0
46,142409,24,6,58,5,5,0
49,102355,15,3,35,1,44,1
41,141220,22,9,30,0,42,0
31,112173,13,3,53,4,13,0
31,26996,5,2,67,2,41,1
56,69387,24,8,63,3,11,0
59,28089,22,6,36,5,37,0
55,123827,11,8,40,5,32,0
54,45659,12,7,40,4,45,1
44,70178,33,3,65,3,42,1
42,120965,5,8,49,5,18,0
25,106268,7,10,45,2,29,0
53,110042,7,1,34,4,15,0
56,131471,32,1,53,1,20,0
40,95111,33,10,59,0,44,0
39,190637,14,8,59,2,36,1
55,125435,34,9,68,3,5,0
37,114242,21,10,77,3,40,1
54,138204,22,6,76,2,37,1
29,178956,21,5,66,1,33,1
46,42199,4,2,62,5,18,1
22,85038,30,9,49,1,19,0
29,82786,12,6,51,5,32,0
29,134636,27,8,70,5,42,1
37,74294,19,9,50,3,22,0
21,190250,32,9,66,5,41,1
45,168737,15,8,56,2,1,0
45,25534,28,10,67,5,25,0
59,116828,22,8,64,2,20,0
55,61132,23,3,67,0,35,1
23,140720,33,3,69,3,45,1
57,61110,6,2,35,1,6,0
50,88580,3,1,61,4,6,1
58,178541,33,4,45,1,37,1
54,89016,21,2,57,1,49,1
32,71233,4,2,45,4,3,0
39,154863,22,5,56,3,37,1
57,131311,14,4,32,5,31,0
37,59409,30,1,78,0,35,1
30,175396,8,9,50,1,45,1
32,164810,24,4,67,5,15,0
36,49054,24,5,67,1,17,1
44,54709,20,7,59,3,15,0
39,134321,8,2,51,3,5,1
28,25363,21,8,48,2,22,0
51,35358,22,2,60,3,46,1
41,159312,3,10,49,3,11,0
37,70689,28,5,76,1,28,1
43,26936,14,2,48,0,14,0
57,137272,0,2,31,1,39,1
36,116074,29,4,69,5,3,0
26,25882,28,4,68,3,42,1
28,176296,19,8,56,2,11,0
45,130227,32,6,37,0,30,0
38,150865,21,10,74,2,38,0
45,148745,12,8,56,4,5,0
32,186897,6,7,44,2,22,0
35,53885,7,10,41,2,13,0
46,196128,27,4,76,5,44,1
46,159275,8,2,43,3,21,1
52,158316,24,9,36,5,37,0
30,123322,15,2,46,3,25,1
36,93619,9,1,55,5,21,1
27,46584,10,8,66,3,28,1
37,33521,30,10,49,3,41,0
43,58541,11,9,39,3,4,0
46,54063,30,1,48,2,29,1
41,95268,13,7,47,4,47,1
42,151218,31,2,59,3,35,1
27,143206,16,6,59,4,23,0
34,195635,34,5,54,4,7,0
35,195824,0,1,53,1,46,1
27,158639,28,2,39,1,46,1
29,172193,3,2,31,0,9,0
28,157746,22,10,67,5,23,0
43,101411,27,10,61,1,3,0
49,134876,15,6,64,3,9,0
38,185212,11,1,66,4,4,1
51,165399,20,4,36,5,49,1
50,48331,16,10,36,0,25,0
59,48004,12,5,56,1,6,0
55,144243,31,2,39,2,48,1
38,166564,14,2,62,5,18,0
59,169821,11,7,72,0,45,1
37,88217,14,7,36,3,7,0
34,114044,33,6,35,5,35,0
51,34045,5,1,35,4,31,1
44,45116,16,3,42,3,38,1
55,43667,19,9,77,3,32,1
54,100057,8,10,42,5,35,0
23,99205,4,1,31,2,28,1
57,52302,22,2,48,2,44,1
46,167355,32,8,48,5,5,0
43,187007,13,7,79,5,30,1
59,97534,16,9,67,5,22,0
35,187696,18,10,31,4,17,0
24,38440,32,4,55,1,10,0
49,136001,0,4,35,3,7,0
42,71501,12,7,49,5,4,0
45,157341,26,1,52,1,42,1
33,32868,5,10,44,4,27,0
38,186323,5,9,35,3,7,0
53,102909,32,2,57,1,23,1
36,109523,29,1,64,3,11,0
22,194801,34,7,40,2,8,0
55,40734,22,6,37,5,8,0
54,198501,9,3,79,2,37,1
50,197409,18,1,78,0,5,1
33,196397,27,5,53,4,7,0
33,108600,22,10,50,5,22,0
38,33433,3,4,78,1,36,1
52,165183,19,5,65,3,2,0
52,128986,18,1,36,0,24,1
55,88753,26,1,34,4,2,0
59,138783,33,5,58,4,48,1
49,46751,3,6,45,4,12,0
49,172525,6,5,35,1,47,1
36,195040,6,2,43,5,42,1
30,186149,25,9,31,2,26,0
50,190847,25,5,54,0,38,1
45,73570,18,5,60,1,45,1
59,49503,8,10,79,3,6,0
40,158851,19,9,79,1,23,1
25,111840,15,3,42,3,2,0
21,156827,16,5,47,3,26,0
50,64263,21,5,46,4,14,0
23,133491,12,2,74,1,18,1
34,80087,11,4,57,2,38,1
50,198353,9,2,41,3,32,1
24,76482,0,5,64,4,14,1
38,147989,31,10,51,2,30,0
57,173472,29,2,68,1,13,0
45,65115,7,10,30,2,40,0
21,39249,20,9,66,1,31,1
35,135361,21,10,50,3,37,0
29,49600,17,6,30,0,45,0
35,62706,1,8,33,0,38,1
44,44222,8,9,61,5,22,1
24,124041,2,8,30,5,28,0
32,129504,25,5,42,3,19,0
57,66139,20,5,75,2,43,1
57,139919,29,6,76,1,16,0
26,66302,27,1,46,0,5,0
59,112838,25,8,41,1,44,0
44,164718,33,2,36,3,49,1
31,169615,7,6,32,2,2,0
33,178857,9,9,79,1,10,0
54,103353,13,3,55,2,47,1
45,187478,14,2,60,0,19,1
27,113992,16,10,65,1,20,0
24,76428,17,5,55,4,29,1
28,48777,31,9,32,0,25,0
40,82939,22,6,73,2,17,1
49,111450,22,8,57,3,13,0
30,185625,34,8,73,4,45,1
54,48548,14,7,46,5,16,0
46,193337,23,5,67,1,35,1
23,150549,27,2,76,5,36,1
26,196773,15,10,59,0,39,1
25,162799,15,10,31,1,3,0
25,188499,5,5,37,1,9,0
43,172764,1,7,43,4,40,1
29,56625,12,7,66,4,46,1
55,49918,8,2,64,4,29,1
40,197208,33,7,71,4,5,0
55,139826,16,6,68,3,3,0
38,139881,26,7,40,2,10,0
37,40577,28,8,44,4,31,0
44,110155,21,4,31,0,11,0
23,136776,23,1,66,1,17,1
52,124246,6,8,72,5,40,1
55,183761,33,8,61,4,41,1
58,167226,11,3,69,0,8,1
33,119948,22,3,42,3,2,0
45,46341,14,5,72,0,4,1
29,122554,32,3,46,5,16,0
24,132798,12,5,44,5,41,1
34,71330,22,8,62,0,41,1
57,112759,31,1,45,3,21,0
54,111807,34,2,42,5,5,0
31,58313,0,2,51,3,35,1
23,71900,4,4,52,1,14,1
48,103840,12,9,65,4,15,0
49,190767,4,2,72,5,6,0
29,186297,31,9,79,0,16,0
23,111072,20,7,79,2,23,1
45,121367,23,10,39,2,31,0
54,74156,17,8,46,1,42,1
32,112453,20,1,59,2,46,1
29,183901,9,5,42,1,12,0
35,50938,23,9,59,4,41,1
45,84164,20,4,75,1,19,1
25,85282,24,2,59,3,12,0
31,72801,22,6,36,3,45,1
54,165537,21,2,39,3,13,0
44,28326,3,3,64,5,49,1
35,159731,33,8,31,3,2,0
58,183666,5,3,59,3,20,1
28,140819,27,2,48,3,31,0
25,29763,30,6,68,3,9,0
46,166900,34,3,66,5,21,0
38,72588,22,1,32,3,8,0
26,36221,5,3,54,3,39,1
57,167283,15,6,63,4,37,0
33,38569,1,3,51,5,29,1
48,62860,23,9,67,3,19,0
25,70337,16,7,43,1,35,0
33,169587,0,5,68,4,45,1
37,96695,5,2,31,5,38,0
52,131749,4,9,61,2,26,1
49,180976,28,5,72,0,11,0
23,68790,11,7,32,5,36,0
54,93580,2,9,70,4,35,1
47,30636,0,4,37,3,4,0
33,102129,26,9,55,4,3,0
53,158964,23,1,61,0,45,1
26,46672,18,6,40,0,47,1
44,30812,7,2,79,5,12,1
39,25654,1,8,30,3,32,0
36,79633,29,5,44,3,47,1
48,42143,29,3,33,1,26,0
53,80934,31,2,33,0,43,1
33,92334,0,8,57,3,43,1
45,128463,12,7,39,0,13,0
56,150851,10,9,40,1,44,1
47,54087,9,8,79,2,38,1
58,167690,25,4,52,0,29,1
27,33446,19,2,76,1,19,1
25,127127,16,2,32,1,35,1
51,73867,16,2,68,1,48,1
43,85101,3,6,68,4,41,1
30,183272,4,7,46,5,27,1
52,113074,22,6,51,3,46,1
50,143422,9,2,56,0,31,1
59,112892,27,4,45,5,3,0
51,145044,32,3,45,4,35,0
38,64148,25,4,69,0,24,1
56,107928,28,5,32,5,7,0
22,176770,26,7,76,4,35,1
34,198542,17,9,62,3,21,0
33,76660,9,2,71,1,1,1
49,60450,4,8,31,5,44,0
32,58757,9,3,68,5,6,0
59,103012,20,9,75,0,39,1
22,131750,23,10,77,1,34,1
52,152043,2,4,56,3,18,1
33,187462,30,3,44,0,25,0
47,81116,1,10,36,2,15,0
37,169233,1,6,74,2,47,1
51,57152,33,10,71,2,32,1
54,131379,19,9,38,3,42,0
44,45836,32,7,70,2,49,1
55,182403,3,4,35,5,18,0
26,166835,10,3,41,0,31,0
39,94444,4,10,59,5,29,1
50,118109,24,4,49,2,15,0
27,175259,33,3,49,0,23,0
30,168029,8,3,75,5,38,1
52,160451,5,9,56,3,41,1
54,184031,17,4,49,1,11,0
48,107018,13,9,36,5,15,0
35,148076,18,10,69,4,23,0
50,183177,13,5,69,2,3,0
57,156949,16,7,59,4,19,0
49,108788,34,5,37,1,1,0
42,121870,28,1,31,3,24,0
24,108308,16,2,43,5,49,1
40,82913,7,5,39,3,11,0
52,27637,0,6,79,1,30,1
56,67025,6,7,47,4,11,0
24,124508,4,2,47,5,39,1
47,107464,23,10,45,2,1,0
37,53742,27,9,34,0,12,0
32,36831,16,6,60,3,4,0
42,138768,19,2,66,1,25,1
37,110092,2,2,49,5,8,0
30,115879,25,3,52,4,15,0
21,113370,14,1,61,2,43,1
42,151537,7,9,71,4,30,1
46,129824,12,10,46,2,40,1
38,113741,2,4,42,5,32,1
34,43830,0,5,78,0,44,1
49,80044,8,7,79,0,35,1
32,98948,30,1,42,1,21,0
56,94202,25,3,46,1,31,1
55,62045,16,3,44,2,36,1
32,132509,33,2,55,2,27,0
27,182699,8,8,73,2,44,1
49,40198,12,5,57,2,8,0
31,94521,4,1,71,5,23,1
53,131471,12,2,74,5,23,1
26,54475,0,1,59,0,42,1
35,44403,24,6,72,1,33,1
52,28681,3,9,64,1,13,0
31,116555,9,7,51,3,39,1
43,143884,27,5,39,1,35,1
46,118122,5,3,40,1,16,1
54,140260,26,8,67,4,12,0
54,198364,11,10,62,4,31,0
49,130386,2,4,35,3,5,0
24,161701,32,9,66,2,40,0
37,118246,9,5,36,3,44,1
55,120864,30,6,73,3,25,0
33,33417,14,5,41,0,21,0
59,143888,6,10,36,5,3,0
35,190837,13,7,31,1,48,0
49,99499,13,7,30,0,10,0
49,155908,2,1,52,5,23,1
31,52675,2,2,54,1,17,1
52,196635,21,7,47,3,42,0
22,36332,18,8,73,1,35,1
34,44177,34,4,36,2,25,0
40,155560,11,6,32,2,2,0
42,82104,4,10,58,3,27,1
31,109335,9,3,39,4,46,1
47,139938,32,7,72,2,9,0
23,105730,12,3,34,3,49,1
37,161023,34,7,63,0,4,0
48,53333,31,8,37,4,26,0
49,46673,10,3,43,2,32,1
41,139421,23,2,69,3,29,1
36,65870,34,6,35,3,22,0
57,152536,18,4,30,0,47,1
40,96101,5,8,62,0,13,1
26,47821,34,2,69,4,23,1
39,50494,3,4,40,5,31,0
25,124477,32,2,79,2,41,1
23,151083,12,2,53,3,36,1
21,137698,18,2,39,4,40,0
58,136560,11,1,73,4,31,1
35,156907,10,4,52,0,15,1
54,43646,5,2,45,3,14,0
55,148777,11,9,66,1,35,1
45,102360,26,9,45,5,24,0
44,62335,24,7,73,5,30,1
32,94351,2,6,60,0,30,1
38,139934,2,3,35,3,27,0
35,158501,19,7,59,4,49,1
36,66950,27,1,66,5,40,1
47,85654,22,9,30,4,14,0
28,132422,2,4,71,2,45,1
45,134934,23,6,54,1,47,1
37,144975,5,6,75,0,11,1
49,116186,19,3,50,5,47,1
28,129234,10,4,64,2,44,1
35,127326,31,10,67,2,26,0
47,102527,26,3,34,1,21,0
27,111704,20,6,78,0,9,1
23,187171,12,1,79,0,47,1
49,195457,21,8,41,4,1,0
44,191991,34,8,34,0,44,0
23,121952,21,9,38,2,6,0
40,85782,27,6,73,4,1,0
35,96116,20,1,38,0,22,1
45,114626,17,3,64,1,13,1
50,196459,30,1,30,2,38,0
34,171895,20,5,76,3,49,1
27,71015,13,3,39,1,45,1
37,127877,24,2,75,1,41,1
40,40339,26,3,68,0,40,1
56,159563,22,9,65,4,31,0
29,156778,30,8,66,4,15,0
58,122493,28,3,77,2,2,0
42,171800,29,2,64,0,31,1
22,163069,25,5,46,4,26,0
44,154526,19,1,42,5,2,0
28,194595,18,4,35,3,11,0
31,146648,26,8,66,5,33,0
33,50163,24,1,77,0,18,1
37,173790,22,5,61,0,21,1
28,112508,28,4,40,4,31,0
41,64619,14,6,46,1,26,1
38,37126,2,7,34,0,30,0
50,89926,9,9,35,1,39,0
38,65633,14,1,39,2,21,1
51,28317,15,10,62,2,49,1
58,69980,16,4,59,4,16,0
52,69115,18,6,50,2,7,0
31,68158,10,10,71,5,22,0
45,130364,4,7,46,5,7,0
53,40504,4,7,56,5,2,0
58,182732,13,8,32,4,37,0
28,62196,25,10,58,4,14,0
31,90938,7,8,31,5,8,0
42,164677,4,8,58,1,29,1
44,82388,6,8,78,5,44,1
37,80501,15,8,65,1,7,0
32,52043,13,6,63,2,38,1
52,58635,3,9,66,1,45,1
35,105691,16,3,71,0,22,1
36,58132,5,6,30,3,44,0
42,40366,15,5,55,0,17,0
48,118944,28,8,30,0,16,0
40,140267,9,4,33,4,33,0
53,64236,28,4,68,3,39,1
30,29150,13,10,43,4,35,0
52,136369,3,10,75,1,38,1
53,44423,12,5,47,5,32,1
22,29137,17,6,63,1,3,0
53,54992,32,4,30,3,3,0
53,135540,20,2,51,2,8,0
33,140140,15,2,45,1,46,1
50,146225,14,3,51,0,31,1
53,91917,4,2,79,3,9,1
33,98690,5,1,45,3,5,0
46,59235,2,8,57,1,28,1
42,44122,11,5,57,1,15,0
59,48956,32,10,51,4,49,0
22,88879,32,1,35,4,27,1
58,83560,30,9,54,0,42,1
59,135310,20,8,71,3,31,1
46,180732,26,4,31,2,40,0
35,26168,26,8,36,2,18,0
54,70124,7,10,46,3,38,0
31,191969,31,7,64,0,49,1
23,171104,25,7,49,4,4,0
26,77797,1,1,73,4,21,1
29,60294,11,6,31,4,47,1
26,199899,21,4,36,2,42,0
29,28516,16,10,61,2,23,0
59,175823,6,10,78,0,45,1
51,55373,3,10,48,2,22,0
52,147026,31,2,41,1,1,0
32,55270,10,10,38,2,25,0
28,166458,0,7,56,4,41,1
28,90184,24,9,43,0,28,0
48,62879,23,5,31,3,37,0
40,74597,16,8,50,3,11,0
27,195204,7,5,33,0,22,0
31,28626,26,7,50,1,25,0
40,110936,17,7,77,3,21,1
36,106515,26,9,51,4,36,0
24,80390,21,3,78,3,20,1
26,172717,15,1,31,3,16,0
42,79144,1,2,46,4,28,1
46,169454,4,6,48,2,29,0
23,29025,17,10,69,1,26,1
34,199298,2,10,53,4,40,0
31,104380,26,9,49,4,2,0
38,143910,16,3,67,5,49,1
32,121055,15,10,41,0,10,0
43,151189,5,2,54,1,13,1
32,159515,6,1,52,2,15,1
33,46395,13,2,79,5,9,1
45,35725,14,3,63,4,27,1
39,58461,32,7,61,5,8,0
56,66115,26,2,53,2,6,0
28,135084,28,5,71,5,36,1
49,108732,4,2,54,5,24,1
52,104557,28,7,32,5,3,0
38,96260,31,10,54,4,26,0
26,184762,5,8,57,4,36,1
38,26407,1,8,41,0,21,0
39,98568,5,8,55,3,13,0
42,83560,3,10,77,1,11,0
57,173866,28,9,73,0,8,0
52,175953,24,1,37,2,46,1
23,116288,8,1,34,5,46,1
48,144020,2,10,40,4,48,0
30,124301,25,2,71,5,14,1
55,39390,26,6,64,4,33,1
49,52307,31,1,56,1,2,0
35,49502,0,5,70,0,1,1
53,47486,15,5,73,0,11,1
27,136813,10,4,67,2,6,0
32,194330,25,5,48,0,32,0
50,128920,0,1,77,0,15,1
41,107768,25,6,61,3,12,0
51,166820,27,7,75,1,37,1
44,87785,8,8,57,5,29,0
40,101050,21,2,65,0,44,1
57,47738,7,7,47,2,22,0
24,99231,26,6,39,5,46,0
48,98606,18,9,61,4,14,0
40,66662,24,8,47,0,19,0
44,143313,20,4,41,0,5,0
52,40123,23,9,37,5,35,0
56,181688,23,1,62,4,25,1
54,36182,18,6,75,3,38,1
56,115369,1,8,67,1,9,0
22,187403,13,4,43,3,7,0
35,51128,31,2,31,2,18,0
54,56556,31,2,38,5,2,0
56,177948,27,10,73,0,10,0
26,165021,12,1,34,3,44,1
59,76962,11,5,63,1,2,1
32,115054,7,6,48,2,45,1
23,49099,14,4,36,3,8,0
38,168788,25,4,68,0,7,1
41,194957,11,5,71,1,35,1
35,78144,26,5,46,0,23,0
53,32837,17,9,55,0,8,0
55,175231,26,8,75,2,21,0
46,150212,8,9,56,1,33,0
28,141680,0,3,72,4,47,1
56,131802,6,3,57,0,1,0
50,127413,25,1,49,1,12,1
43,76012,6,10,35,0,11,0
34,155193,6,6,37,3,48,1
34,173178,7,4,61,3,30,1
22,83123,15,8,48,1,4,0
57,136825,2,2,61,2,34,1
25,33720,9,2,48,4,23,1
58,193733,6,7,53,3,32,1
34,177192,20,5,53,2,3,0
59,175862,30,1,46,4,28,0
45,83655,22,7,47,3,4,0
40,118448,26,7,41,4,12,0
22,198979,21,10,70,5,24,0
59,145507,26,6,52,0,33,1
26,59812,3,4,77,1,3,1
37,74570,23,8,47,3,4,0
45,75901,22,2,45,3,30,1
48,85186,18,2,45,0,6,0
22,147066,2,2,65,3,49,1
55,153364,26,3,52,3,30,1
57,61160,2,6,51,5,8,0
25,44156,27,1,68,3,18,1
21,101208,16,2,62,3,16,0
32,174001,30,10,53,3,6,0
56,120377,9,2,49,2,24,1
43,67863,21,1,62,3,28,1
51,90439,29,3,60,0,32,1
31,163266,20,10,69,5,25,0
30,146361,22,7,37,3,28,0
23,121176,11,1,39,4,21,0
34,54777,24,7,30,5,8,0
36,182255,19,5,50,5,36,0
30,183517,6,9,54,4,9,0
49,112201,28,2,61,0,40,1
30,172270,28,1,75,2,21,1
32,177483,12,9,75,0,1,0
50,40867,2,8,39,2,4,0
21,87501,1,10,77,1,10,1
25,170338,15,6,38,4,26,0
40,64422,29,5,49,5,40,1
28,191280,5,8,77,5,3,0
32,146544,6,8,49,5,44,1
21,187285,4,5,69,4,9,0
40,163439,6,7,36,4,32,0
48,60362,33,1,40,2,3,0
57,76588,31,4,50,5,4,0
57,194357,12,2,67,0,6,1
32,151683,29,10,76,2,9,0
57,61307,24,3,48,5,26,0
48,105280,20,1,75,4,2,1
35,175939,20,2,44,4,2,0
26,81523,27,1,35,4,21,0
40,162450,19,8,39,5,22,0
34,132669,33,4,75,4,3,0
22,183998,4,3,45,1,35,1
29,128215,17,1,74,4,38,1
57,123707,10,2,40,5,33,0
40,169252,16,3,64,2,15,0
46,117837,21,3,37,4,11,0
49,143070,19,6,57,3,10,0
21,193003,5,10,32,1,36,0
55,180086,33,8,31,5,14,0
26,104872,13,6,43,4,2,0
57,112736,22,2,58,3,45,1
25,30470,19,2,76,5,48,1
53,171025,12,7,32,2,44,1
34,194579,31,1,30,1,37,0
32,117969,25,1,44,4,29,0
40,116493,13,7,49,2,35,1
44,31523,7,9,51,5,20,0
54,56169,21,5,63,3,21,1
45,70641,21,1,79,5,34,1
49,179062,15,5,62,5,49,1
59,54661,26,1,38,1,43,1
51,169491,9,10,32,4,33,0
43,39457,24,9,31,2,19,0
58,92600,30,4,33,1,8,0
40,128619,20,9,45,3,31,0
43,101102,26,2,62,4,11,0
36,58085,16,7,38,1,8,0
28,122064,32,2,69,3,25,1
41,162202,30,4,67,3,49,1
21,130723,25,6,47,2,20,0
28,158114,20,2,45,5,38,1
49,95134,0,2,37,3,7,0
52,67982,3,2,52,3,13,0
58,90185,3,3,65,5,39,1
25,58477,25,5,32,0,43,1
42,139161,3,9,44,3,10,0
54,77709,8,6,67,4,8,0
21,184788,29,9,62,1,42,1
46,103137,3,10,47,5,43,1
30,61018,4,5,52,5,20,1
50,164133,22,6,72,5,17,0
38,164681,15,10,32,4,11,0
37,60371,21,8,59,5,16,0
46,108021,7,3,74,4,37,1
28,176877,32,2,46,2,42,1
32,32857,15,3,79,0,32,1
47,167692,4,9,61,5,26,0
28,33177,15,6,75,0,37,1
45,186183,6,10,36,5,9,0
24,113578,0,4,68,4,35,1
53,114941,8,10,43,1,3,0
21,36826,17,3,44,0,31,1
39,169962,2,2,73,0,42,1
51,107428,23,4,41,4,7,0
36,151044,27,9,37,0,2,0
34,100020,9,4,45,2,25,1
25,30495,8,5,70,4,40,1
46,53481,12,8,63,0,12,0
48,167339,34,2,75,0,30,1
22,142897,22,3,53,0,30,1
26,162815,16,6,58,4,29,1
29,128475,6,7,45,1,41,1
53,82042,15,4,34,3,11,0
45,74476,19,1,34,5,23,0
33,53552,23,7,59,0,17,0
29,199802,4,9,79,3,13,1
33,185020,5,1,79,3,33,1
51,94093,27,1,34,0,1,0
31,94123,4,1,72,0,40,1
24,41535,1,10,42,5,13,0
54,91490,20,7,64,3,38,1
58,71562,17,9,78,1,3,0
24,144042,11,3,54,3,16,1
58,114080,16,8,79,1,42,1
39,66269,14,9,43,2,7,0
26,105674,6,3,73,1,3,1
54,67462,13,3,75,5,14,1
38,159199,0,1,55,4,16,1
33,48147,2,2,47,0,4,1
43,102095,30,7,49,2,31,0
39,115925,12,3,63,3,13,1
31,91381,17,7,36,1,27,0
21,124468,16,5,76,2,1,0
44,88749,16,10,39,4,25,0
27,194744,10,8,44,1,37,1
45,38731,19,5,46,5,44,1
41,149647,9,3,40,3,11,0
35,76024,28,9,63,3,9,0
21,141712,33,7,56,1,7,0
32,126121,16,5,50,4,14,0
27,28832,12,7,60,0,30,1
35,57332,26,10,79,0,24,0
41,37467,25,9,33,3,3,0
39,66025,27,5,70,4,48,1
49,169179,12,7,78,3,39,1
45,102994,11,9,46,0,27,0
53,119202,27,1,78,3,1,1
52,68481,1,4,77,1,38,1
55,158653,33,1,49,5,26,0
58,100118,22,8,54,1,6,0
46,149010,28,3,69,5,42,1
31,148714,34,2,52,4,12,0
55,164490,10,4,44,0,38,1
28,185185,32,3,62,4,46,1
34,109363,10,5,48,4,35,1
30,148607,8,8,44,0,10,0
22,88044,13,10,70,2,9,0
29,36814,8,8,34,2,23,0
23,124340,2,7,45,3,30,0
41,35024,28,8,74,2,22,0
46,134236,18,5,77,1,47,1
28,82836,31,10,61,5,9,0
22,32435,6,10,51,4,19,0
26,95601,27,6,72,3,8,0
48,145871,17,8,61,4,4,0
49,159479,4,1,42,0,5,0
46,123943,22,6,67,2,19,0
45,57940,21,6,55,0,46,1
32,30666,25,5,46,3,18,0
25,62122,11,4,34,5,29,0
54,143647,18,1,78,1,19,1
57,181164,0,10,62,2,6,0
35,154753,2,8,56,0,5,0
56,148402,26,6,34,5,43,0
35,126190,17,3,66,2,5,1
43,125468,29,3,36,4,8,0
26,154207,1,6,77,1,27,1
41,51505,4,7,47,5,37,1
43,61713,28,8,60,2,43,1
36,68169,32,5,35,1,45,1
35,102511,19,10,31,5,38,0
45,65522,29,6,42,4,37,0
56,124397,4,1,71,4,18,1
31,28880,20,6,40,0,26,0
35,199526,14,9,55,3,42,0
24,68539,19,10,50,0,16,0
41,39799,7,4,31,1,22,0
33,129843,30,10,69,0,46,1
42,73784,11,1,49,5,23,1
39,138034,20,9,46,2,47,1
54,199405,29,4,45,5,3,0
34,196900,26,2,71,0,3,1
24,79362,25,1,34,3,12,0
47,78997,32,3,43,5,23,0
49,175145,25,7,53,5,47,1
48,127399,25,10,33,5,11,0
55,39549,0,2,77,3,42,1
28,81920,14,9,53,5,47,1
36,176388,0,2,76,1,46,1
56,182255,10,5,38,4,29,0
50,118860,1,8,32,3,6,0
38,49624,0,10,38,1,46,1
22,71705,30,8,47,3,16,0
33,114326,15,3,65,3,34,1
24,182828,21,2,48,4,37,1
46,85390,17,9,53,2,11,0
45,93369,16,3,33,1,11,0
50,34589,29,8,38,3,25,0
31,138012,9,2,62,3,19,1
27,170188,34,3,30,0,32,0
51,98181,20,1,64,5,8,0
30,148711,15,6,39,2,12,0
59,101425,5,7,41,4,41,1
33,186358,2,4,47,1,35,1
51,40994,20,1,43,3,6,0
27,136915,12,3,39,5,21,0
56,147961,17,9,39,1,26,0
40,129672,23,5,47,4,1,0
24,51639,26,6,53,2,17,0
27,42205,3,4,30,0,35,1
21,81677,21,1,59,2,27,1
33,57930,23,5,44,0,2,0
42,98313,9,5,37,1,36,1
41,138153,1,5,64,2,1,0
42,43316,5,6,47,2,10,0
48,183376,17,2,70,2,31,1
29,121058,16,1,45,4,37,1
46,112876,22,2,50,1,5,0
29,110366,29,10,44,0,41,0
35,38403,20,6,34,2,46,0
30,105052,9,5,74,1,13,1
44,98495,12,5,36,5,45,1
28,188004,11,6,77,4,24,1
44,121090,8,10,36,4,27,0
36,61701,3,7,56,5,1,0
46,159457,23,9,54,1,49,1
47,82241,33,7,51,0,20,0
57,166439,4,2,77,1,8,1
24,90030,14,6,42,1,3,0
44,189404,3,9,46,3,49,1
39,191340,7,7,70,4,32,1
56,181635,23,2,73,0,44,1
59,130185,27,3,42,3,25,0
30,61404,26,8,55,5,25,0
45,80182,0,9,38,1,14,0
38,57991,33,4,34,5,43,0
39,129601,16,9,68,4,27,0
56,90886,25,2,62,3,48,1
30,147002,23,5,33,3,32,0
53,108848,20,2,57,0,27,1
25,180199,29,1,55,1,4,0
55,82692,12,5,33,0,39,1
54,62500,2,2,45,3,11,0
53,58785,31,7,66,3,48,1
41,109146,34,8,51,0,48,1
37,72997,18,2,65,3,3,0
42,32170,13,7,67,2,25,1
57,169375,21,4,64,4,24,1
35,96743,16,1,54,1,9,1
55,60187,3,3,37,4,8,0
48,157965,18,1,46,1,39,1
27,169825,1,5,47,3,31,1
52,63090,14,8,79,0,17,1
31,84412,1,1,41,0,43,1
30,81030,10,9,62,3,31,1
29,42509,22,3,52,1,4,0
34,93653,9,5,41,3,4,0
33,193001,2,9,40,1,37,0
45,154626,4,5,42,3,8,0
22,29042,2,9,64,3,42,1
55,62201,12,10,56,3,49,1
27,39016,18,8,54,0,6,0
41,50022,34,7,69,1,9,0
38,52938,23,1,32,5,42,1
23,199750,23,4,78,3,8,1
59,143171,16,9,54,4,32,0
31,86720,9,10,74,4,15,1
59,130514,1,8,39,0,18,0
44,158058,22,4,46,2,23,0
39,101478,5,1,32,5,5,0
24,168233,1,10,74,0,27,1
46,176761,20,4,51,2,33,1
58,152101,34,3,67,0,2,0
52,119699,28,6,43,4,42,0
59,124273,6,5,56,3,38,1
56,88745,28,5,71,1,28,1
57,157283,22,2,49,3,24,0
53,156301,32,3,77,4,21,1
56,143972,7,6,47,1,31,1
23,170417,11,2,42,2,11,0
29,126489,9,4,71,2,28,1
28,56819,14,2,35,4,48,1
53,72779,23,9,39,1,40,0
26,117244,25,3,66,3,4,0
59,90584,2,10,58,4,43,1
24,176022,1,10,35,2,42,0
33,171245,5,6,68,4,16,1
22,83032,20,1,40,3,12,0
25,140074,8,10,77,0,22,1
47,124273,9,3,54,5,35,1
52,53036,2,8,73,5,43,1
41,96356,23,5,73,5,16,0
28,170364,21,8,59,0,24,1
58,28052,13,2,49,3,35,1
28,69377,26,7,66,1,28,0
23,92819,32,9,45,4,42,0
23,138689,21,7,60,3,29,1
42,171692,28,3,58,0,21,1
26,55461,18,7,35,2,48,1
22,45750,18,8,58,5,25,0
43,34472,5,1,61,5,39,1
22,94263,18,3,38,3,31,0
58,137036,12,5,66,5,15,0
37,50523,25,6,52,5,47,1
55,186838,21,3,45,3,42,1
54,128262,20,4,47,3,35,0
43,91060,1,5,48,0,38,1
50,34079,29,3,73,0,22,1
28,164471,26,4,31,5,5,0
42,85726,6,5,39,3,48,1
56,117906,19,2,41,3,13,0
25,41532,30,10,75,5,32,1
33,147689,22,9,47,1,3,0
49,68162,12,10,48,2,15,0
51,159821,16,8,67,4,27,1
36,36353,3,6,66,4,27,1
50,137313,13,10,56,5,30,0
36,53477,19,3,77,4,6,0
32,180642,12,2,43,0,25,1
37,111373,2,7,74,0,28,1
36,167509,25,8,63,1,22,0
32,194176,25,10,31,5,4,0
28,29551,17,1,73,0,15,1
40,93359,31,6,62,5,26,0
23,168988,13,7,48,5,18,0
36,151150,2,9,56,3,9,0
50,197517,0,3,77,2,4,1
43,72636,25,2,59,2,48,1
48,54685,23,5,36,5,5,0
25,76134,34,10,56,2,45,0
40,113916,13,1,50,2,6,0
21,132967,2,6,36,4,12,0
50,119455,12,9,77,4,31,1
41,196065,13,10,54,3,47,1
40,74756,20,9,67,1,9,0
26,147863,25,7,47,0,7,0
42,86192,2,7,62,0,29,1
38,73733,3,8,62,4,14,0
28,50993,0,10,61,5,20,0
59,186564,32,2,54,2,48,1
52,177053,6,6,43,3,32,1
53,49143,10,5,67,1,22,1
36,132044,26,5,67,4,36,1
32,153406,13,3,33,5,44,0
58,94351,21,3,73,3,18,1
54,95309,15,6,47,5,40,1
34,168518,11,10,39,3,49,0
56,186805,9,10,64,4,25,0
53,144156,23,7,64,3,31,0
43,101000,17,1,69,2,35,1
22,46576,21,3,52,3,26,0
41,28320,8,1,54,1,4,1
22,166822,16,10,30,3,42,0
47,128002,12,3,47,0,48,1
29,51572,5,5,44,3,20,0
21,42948,20,9,54,5,34,0
31,141528,6,3,61,4,12,1
23,194898,24,10,49,0,16,0
43,114051,10,10,46,4,42,0
46,52867,13,9,40,5,5,0
24,69678,28,1,42,1,44,1
38,132561,9,6,54,2,35,1
26,37963,4,9,49,1,44,1
55,74434,7,5,54,0,27,1
42,91617,4,10,71,5,1,0
35,176341,23,2,74,5,34,1
42,142569,25,5,78,2,43,1
57,122352,5,1,60,3,32,1
32,104732,15,9,30,0,44,0
58,132648,11,10,45,2,39,0
38,106494,10,10,77,4,33,1
55,102225,2,9,57,2,31,1
50,107867,5,6,50,4,13,1
44,193600,18,9,59,4,45,0
50,103972,17,3,32,5,2,0
34,121261,15,4,63,2,30,1
26,115748,22,6,35,5,10,0
23,189404,8,4,72,5,23,1
36,149481,2,1,58,1,33,1
27,154529,7,7,32,1,39,1
34,27251,3,5,62,5,45,1
29,124108,11,8,40,5,29,0
35,183099,30,9,74,4,30,1
41,122382,24,5,34,5,34,0
55,34583,15,8,79,0,39,1
22,75387,13,1,61,2,17,1
47,48104,12,1,76,0,22,1
22,37224,6,7,47,1,5,0
55,85624,11,6,76,0,11,1
38,129320,3,5,49,3,22,1
34,185371,1,5,68,3,32,1
40,103572,34,9,78,1,24,0
38,110469,2,1,69,0,11,1
30,102928,3,8,57,2,11,0
45,29141,11,2,42,1,17,1
22,179422,18,7,55,3,32,0
45,95871,9,6,45,1,19,0
53,161149,0,10,54,0,27,1
56,71015,16,2,39,0,32,1
51,196929,15,3,58,0,25,1
34,84902,8,4,75,4,28,1
21,30577,8,7,67,0,40,1
36,45002,8,8,49,5,27,0
23,75711,11,2,55,3,14,1
55,64451,14,8,61,3,42,1
26,184719,1,9,68,4,39,1
45,59831,10,7,67,3,2,0
33,121498,10,1,78,3,17,1
54,153949,7,6,53,1,1,0
28,120119,31,8,60,0,45,1
41,91830,5,5,69,5,32,1
54,105632,19,2,41,5,19,0
24,61833,34,5,65,1,14,0
45,49398,7,8,39,5,31,0
35,86554,33,2,35,1,18,0
24,75755,18,1,36,5,14,0
32,173778,6,4,60,3,47,1
52,178412,30,4,56,2,14,0
52,89994,17,9,37,0,24,0
48,88884,13,3,32,2,5,0
33,109361,16,4,69,3,16,1
51,42482,8,3,76,4,5,1
34,79225,19,2,50,1,13,0
40,99854,27,4,30,5,16,0
38,66256,19,8,74,5,15,0
49,133721,26,1,79,3,31,1
26,106110,7,8,44,5,5,0
52,138606,31,8,36,3,21,0
49,39650,0,3,44,2,30,1
22,53930,16,10,54,4,23,0
43,125400,8,10,32,1,38,0
39,36801,19,6,59,5,29,1
51,76360,31,4,43,4,13,0
25,112908,1,1,33,4,32,0
39,172631,31,1,65,4,48,1
54,57334,8,5,32,0,42,1
30,38288,29,8,34,4,27,0
45,178470,19,1,54,3,34,1
22,37191,0,2,60,0,45,1
31,43051,4,7,40,0,49,1
51,86715,34,8,37,4,33,0
35,35737,0,3,55,5,4,0
29,90140,13,8,31,5,18,0
43,181323,8,1,57,5,6,0
39,30147,29,9,77,5,28,0
29,75508,23,2,39,3,44,1
55,77224,3,2,79,5,27,1
41,44643,13,4,68,1,26,1
29,63967,24,10,66,4,20,0
48,128535,3,3,68,0,13,1
27,65733,24,4,50,1,28,1
36,59808,9,6,57,5,34,1
36,83959,34,7,67,1,49,1
53,157921,6,5,62,0,23,1
24,93178,12,2,40,5,10,0
24,137255,3,3,74,1,30,1
59,111322,13,10,73,3,22,1
37,69565,17,3,30,3,5,0
57,176255,7,5,76,4,44,1
59,26132,31,5,62,4,9,0
49,194331,26,4,32,1,43,0
56,88668,22,8,55,0,4,0
58,194635,6,6,44,3,42,1
59,133835,11,6,70,2,1,0
57,167003,24,1,43,4,34,1
55,98169,2,6,52,3,41,1
27,125417,25,3,37,5,26,0
47,26044,3,6,65,1,18,1
48,49363,14,10,49,3,16,0
42,71694,31,6,35,3,23,0
34,157654,28,2,62,1,46,1
27,46301,9,1,57,4,36,1
57,99329,20,3,79,4,26,1
42,26620,15,5,67,2,2,0
25,87224,18,4,59,2,44,1
22,120419,28,7,75,4,5,0
47,193606,17,4,72,4,29,1
41,145050,15,8,46,4,4,0
58,195462,0,7,38,4,47,1
35,80856,1,10,57,3,35,0
41,80809,14,9,36,2,22,0
30,47259,27,1,75,1,49,1
43,45655,0,5,57,0,8,1
59,189077,4,4,46,1,44,1
25,187701,21,6,69,5,21,1
21,179682,12,1,77,0,8,1
33,46602,0,6,73,3,5,1
41,110945,15,1,73,5,21,1
46,167182,21,1,34,2,27,0
41,162145,31,8,34,0,38,0
38,125846,15,2,43,4,5,0
57,105818,14,10,35,5,21,0
52,166267,11,6,36,3,8,0
56,26537,0,6,46,0,22,1
37,173210,16,6,38,4,18,0
55,196236,27,8,60,5,4,0
31,151545,6,4,51,3,4,0
41,114743,8,3,74,5,37,1
46,111155,21,6,38,0,15,0
24,145198,25,4,45,4,38,1
54,180917,11,2,65,2,27,1
38,114846,6,6,63,3,21,0
55,55562,14,10,74,0,48,1
49,53036,20,5,42,4,46,1
49,99233,13,9,48,2,46,1
58,108049,1,6,41,5,48,1
41,93681,7,3,65,4,4,1
33,52818,5,5,39,2,11,0
37,186616,32,10,45,0,19,0
29,87532,5,8,57,4,19,0
21,82705,25,9,48,4,27,0
22,45104,13,8,69,1,40,1
49,149336,7,3,35,3,42,1
53,152904,12,9,33,4,28,0
30,94603,12,3,59,2,5,1
41,127499,27,8,68,3,48,1
48,84025,17,10,60,0,25,0
31,57317,18,9,75,3,3,0
54,187488,31,7,56,1,26,0
28,198084,21,4,74,0,10,1
42,130585,1,10,50,4,24,0
28,177472,12,9,66,5,29,1
35,73270,22,3,38,0,45,1
37,144415,24,3,64,0,7,0
43,105206,27,2,71,1,44,1
44,94468,10,10,76,2,23,1
39,194400,32,3,50,0,46,1
25,192856,23,1,46,2,27,1
52,48723,1,4,53,3,42,1
21,85646,29,8,60,5,9,0
43,25074,16,5,35,1,44,1
57,51498,33,2,64,4,3,0
28,121881,21,3,79,0,13,1
33,176613,4,1,66,5,6,1
28,70929,15,2,42,5,38,1
43,148199,12,1,54,2,21,1
21,51028,25,2,61,0,19,1
44,54545,30,3,30,5,25,0
55,104569,22,1,78,1,39,1
44,56673,11,9,64,4,4,0
37,187046,13,10,48,3,22,0
25,179169,17,5,41,3,5,0
40,127511,26,8,69,2,1,0
41,118144,27,5,69,5,17,0
51,89824,17,8,76,3,9,0
56,48525,15,7,72,2,9,0
31,82804,15,4,49,4,24,0
35,171115,12,7,62,0,10,0
39,66846,28,6,58,1,20,0
27,102261,8,3,45,4,17,0
48,193455,25,9,43,4,13,0
25,54483,27,10,36,3,29,0
25,32265,12,9,35,3,36,0
50,47763,8,5,50,1,23,1
52,40733,13,8,65,0,27,1
28,137196,11,7,51,4,18,0
30,116038,31,9,69,5,18,0
58,62420,2,7,48,3,9,0
52,165319,15,4,54,4,3,0
48,179912,19,4,32,0,7,0
37,46058,31,8,65,2,15,0
51,59929,22,6,74,0,30,1
28,187434,16,9,63,4,9,0
45,111489,15,10,40,4,41,0
29,109664,7,7,77,1,27,1
22,102597,18,7,71,4,36,1
35,31041,29,4,76,3,18,1
23,103209,33,3,56,5,31,1
56,177131,13,8,71,1,17,1
24,124864,21,7,31,4,6,0
34,173620,16,4,35,0,39,1
45,171150,14,4,75,4,25,1
30,161491,31,1,31,0,42,1
41,191562,12,7,71,0,42,1
56,140158,20,1,46,4,38,1
32,186409,32,10,69,0,38,0
47,26468,26,10,77,5,31,1
22,49309,34,4,43,2,29,0
33,97255,15,3,39,1,40,1
52,106899,27,3,74,4,9,0
51,53718,33,1,62,2,1,0
36,193913,0,4,71,0,16,1
52,131553,30,1,41,0,38,1
52,75281,32,8,61,1,23,1
54,138451,32,1,78,2,8,1
31,25767,17,6,53,2,47,1
30,159967,22,7,43,4,12,0
35,83026,22,10,34,0,10,0
37,143142,14,2,34,3,16,0
38,67968,25,4,76,4,47,1
29,196169,29,3,61,4,43,1
45,171404,24,9,74,4,24,0
34,170693,15,7,78,1,39,1
45,101870,13,2,62,1,8,1
42,43174,16,6,75,4,11,1
50,149357,11,9,33,5,41,0
40,124189,28,3,59,3,26,1
41,65502,31,6,70,2,7,0
52,61674,23,3,46,2,15,0
41,62260,12,3,32,0,15,0
55,198570,19,4,42,2,48,1
52,96805,14,9,73,2,3,0
50,42194,3,8,77,3,16,1
59,182883,33,1,65,2,15,1
32,97377,27,1,47,3,25,1
38,155864,1,7,52,1,33,1
41,68723,29,3,64,3,14,1
33,101298,25,7,78,1,24,1
41,84238,25,9,62,3,11,0
28,130433,19,3,65,4,3,0
27,132092,27,3,46,5,9,0
43,27147,19,2,68,1,6,1
52,63445,10,10,63,1,31,1
31,131170,9,1,41,2,16,0
42,158085,22,9,34,1,11,0
42,110617,18,6,77,3,17,1
45,78502,17,6,69,4,49,1
42,142116,26,8,56,4,3,0
48,62755,5,5,69,2,19,1
49,164805,9,9,42,3,24,0
33,34479,1,5,55,3,47,1
38,100361,23,2,43,0,42,1
22,177376,27,6,61,1,8,0
49,191766,27,9,40,2,49,0
41,149232,1,3,67,4,36,1
35,130586,4,10,45,5,40,0
47,106171,10,4,51,0,2,0
51,139151,9,10,76,3,23,1
35,111296,1,8,45,1,40,1
43,165562,14,6,42,4,30,0
44,177324,6,7,41,0,25,0
33,162934,19,7,47,3,7,0
42,94959,33,4,58,4,28,1
57,166522,34,6,47,4,41,0
53,81022,33,9,75,3,17,0
23,86991,21,3,31,3,32,0
39,196999,30,8,31,2,1,0
43,74853,22,7,32,4,27,0
49,56826,18,4,58,3,44,1
50,67879,3,10,37,5,36,0
59,97361,23,3,40,5,49,1
45,102990,19,7,41,0,7,0
57,114787,27,10,61,1,3,0
28,65736,16,9,33,5,30,0
36,49530,18,10,38,2,1,0
28,131080,34,3,53,3,34,1
21,99255,31,10,78,1,38,1
25,160958,34,9,45,2,43,0
23,151598,29,8,46,4,36,0
21,143623,16,3,76,1,33,1
24,62387,28,8,51,5,43,1
55,177647,5,4,36,2,16,0
52,137260,16,6,39,3,38,1
54,195715,16,10,58,3,11,0
45,166172,13,2,65,2,8,1
30,163928,23,8,53,4,1,0
41,194241,31,9,75,5,14,0
59,184876,13,7,43,2,30,0
47,191862,26,8,43,0,21,0
47,55988,18,7,54,2,21,0
22,101448,30,10,75,2,34,1
33,194578,8,4,51,5,38,1
29,138430,16,1,79,3,26,1
56,168377,18,3,76,4,41,1
42,166041,3,7,52,2,14,0
46,37404,10,7,61,1,40,1
32,165061,21,3,55,3,35,1
37,192055,3,1,56,3,42,1
34,195534,16,10,74,2,18,0
34,44360,7,9,41,5,20,0
54,110657,33,6,48,1,9,0
40,182359,10,7,48,2,41,1
31,59160,30,1,63,1,45,1
36,31789,10,1,61,3,33,1
51,183253,20,4,58,1,49,1
26,170457,29,7,50,2,4,0
39,107597,9,8,64,0,4,0
57,90641,25,10,71,0,48,1
24,69247,26,9,34,1,16,0
24,111673,7,1,41,5,47,1
40,30544,7,4,36,2,26,1
30,169347,7,4,70,4,6,1
44,88248,33,3,31,0,37,0
55,59550,15,7,54,3,22,0
46,78693,12,1,39,2,42,1
57,153924,22,9,67,2,39,1
58,175713,11,8,73,0,7,0
41,105021,26,2,35,4,42,1
59,40605,21,2,56,3,30,1
41,75713,31,8,64,4,10,0
30,176462,26,1,39,3,15,0
58,100403,1,7,38,0,6,0
24,83466,32,9,49,2,24,0
40,28981,25,3,66,3,2,0
37,165565,27,7,64,2,40,1
27,140631,18,6,66,1,15,1
24,144238,4,7,69,1,21,1
49,120335,32,7,37,0,18,0
34,132441,19,10,75,0,5,0
23,41984,29,1,60,5,25,1
44,150580,7,3,78,0,36,1
57,136316,16,10,72,1,10,0
36,178832,0,1,45,3,46,1
24,157596,2,5,57,4,23,0
44,143454,25,3,35,0,24,0
54,74402,30,1,61,4,45,1
50,116656,7,2,57,4,10,1
38,90614,7,10,40,1,6,0
39,191963,34,5,71,5,13,0
51,116009,27,3,52,3,21,0
39,195904,3,6,59,1,32,1
39,70836,15,9,38,0,43,0
42,169434,12,6,57,1,15,1
44,193993,19,2,53,1,2,0
32,174634,4,2,57,1,15,1
50,156049,19,8,53,0,17,0
58,101407,23,8,44,0,20,0
51,32610,33,6,68,1,6,0
56,134381,33,10,79,1,15,0
39,40791,18,7,62,4,17,0
56,83047,16,1,76,3,26,1
50,175737,4,9,63,4,22,1
53,95246,24,5,51,5,9,0
38,111148,17,9,58,3,12,0
48,70890,7,2,63,5,22,1
31,162866,26,8,71,3,23,0
53,57888,14,7,76,1,37,1
37,162821,12,4,39,4,14,0
26,71531,15,3,74,3,24,1
24,140652,21,4,59,5,8,0
40,45608,19,4,40,3,26,0
47,105986,12,10,63,0,32,1
35,108996,19,10,50,3,28,0
26,81017,1,8,42,1,32,1
34,82676,34,4,54,2,22,0
31,36560,18,5,50,0,49,1
59,75468,5,2,30,2,9,0
29,188535,13,4,34,1,3,0
46,187735,3,7,51,2,25,0
36,58123,21,3,36,3,39,0
25,119346,33,1,42,2,12,0
30,165790,26,8,74,4,29,1
23,25028,6,8,52,1,3,0
33,72599,2,6,50,4,41,1
50,173469,32,7,35,2,46,0
26,70406,1,10,49,4,23,0
37,72657,15,2,41,0,23,1
39,92560,24,5,69,2,18,1
55,129143,14,7,38,5,11,0
46,169575,23,9,79,4,36,1
25,79943,14,1,57,3,26,1
49,100839,30,3,40,2,8,0
57,107674,13,6,61,5,28,1
40,50345,13,7,40,0,18,0
41,75390,5,6,53,3,13,0
30,84557,13,1,44,2,36,1
25,26906,16,4,70,3,42,1
56,196239,17,6,64,2,40,1
26,32961,19,8,46,2,44,1
46,182212,16,10,54,1,12,0
24,144289,15,4,78,4,22,1
59,102567,31,7,64,2,2,0
59,105664,8,3,48,0,40,1
55,106199,26,8,70,5,28,1
21,124764,32,1,60,4,13,0
44,147357,9,4,46,1,33,1
56,105729,16,8,79,4,3,0
26,184633,16,10,52,4,34,0
51,75568,17,4,76,2,23,1
40,134349,22,2,30,0,32,1
44,98302,33,2,39,2,20,0
45,119968,7,4,37,0,28,0
56,185576,12,4,71,0,8,1
41,141116,22,2,55,3,3,0
50,62146,19,7,63,2,30,1
44,65297,21,6,48,1,25,0
50,111394,22,3,43,5,30,0
42,152173,34,8,37,4,29,0
48,150942,2,8,30,3,47,0
27,41939,33,1,77,1,30,1
55,69460,32,3,54,5,34,1
48,168738,16,5,53,5,25,0
34,87119,18,2,76,2,17,1
30,191393,29,5,49,0,24,0
36,157851,22,10,59,2,38,0
36,169258,14,3,34,5,28,0
51,172531,13,9,32,2,33,0
45,30057,1,1,61,3,36,1
33,174805,17,4,46,1,7,0
26,44157,5,10,71,5,23,1
29,60030,31,6,34,3,46,0
56,175685,20,9,40,1,26,0
40,133612,27,3,67,3,14,0
38,140080,26,3,33,4,42,0
41,108028,1,5,68,0,28,1
24,161260,32,7,48,0,24,0
53,54680,15,5,68,0,7,1
47,127302,21,8,75,4,48,1
27,61445,12,5,78,5,36,1
26,30796,1,7,52,5,39,1
35,72218,13,6,46,4,15,0
38,195203,27,10,42,0,49,1
52,164195,6,2,56,0,3,0
31,164294,17,3,30,1,48,1
40,49074,3,4,31,1,2,0
44,141088,29,5,47,2,7,0
35,185897,23,9,65,3,16,0
27,61839,19,6,74,1,21,1
41,132112,30,1,62,1,9,0
46,152514,23,3,65,1,12,0
34,93322,6,7,31,1,29,0
57,81321,25,8,33,4,24,0
41,135100,12,7,45,2,33,0
38,182060,7,5,33,1,14,0
25,60507,4,10,38,5,43,0
23,124244,12,8,78,3,18,1
43,150788,28,9,50,1,5,0
46,120251,19,7,52,4,15,0
57,48806,13,9,31,5,7,0
44,155364,31,1,32,0,25,0
39,61901,26,9,52,0,14,0
45,173115,24,3,55,2,40,1
41,165824,3,6,76,0,36,1
32,198688,20,8,36,1,35,0
53,77127,17,3,65,4,44,1
24,25453,14,4,73,2,24,1
27,100432,23,7,62,5,15,0
42,147872,7,7,78,1,11,0
53,112362,27,4,65,0,24,1
37,35976,20,9,33,3,11,0
44,139176,15,3,52,1,44,1
54,124122,15,8,54,3,17,0
48,95404,34,8,70,5,6,0
59,106932,16,4,55,3,21,1
42,122170,8,7,57,5,8,0
37,102707,34,4,57,2,15,0
54,189760,28,1,50,4,32,1
26,118789,17,1,39,0,10,0
26,121516,11,1,56,0,28,1
54,158089,18,2,44,1,15,1
21,32957,21,6,46,0,12,0
30,132724,14,10,68,2,43,1
41,160864,0,5,64,0,18,1
25,38237,1,2,34,1,37,1
22,76586,7,8,45,0,44,1
42,44252,21,9,52,4,24,0
22,166779,24,7,68,5,37,1
30,190278,1,9,77,3,29,1
54,28543,8,4,38,3,10,0
36,129647,8,7,62,5,14,0
59,60031,12,5,64,3,16,0
42,199001,5,5,69,4,37,1
32,90747,29,3,79,2,11,1
44,80311,14,9,53,1,26,0
58,90867,14,10,53,4,40,0
30,113780,6,5,79,1,19,1
55,82196,10,6,53,2,18,0
52,98705,1,3,48,4,30,1
27,82894,9,10,68,0,32,1
41,112640,16,7,54,2,23,0
40,39591,6,9,60,3,12,0
46,122247,3,9,67,4,13,0
24,25727,34,10,54,2,21,0
42,177431,30,10,56,2,21,0
35,68822,24,5,61,4,29,1
41,128399,12,7,40,3,29,0
35,137113,17,3,34,5,27,1
42,155431,20,6,73,3,29,1
48,167001,0,8,62,2,15,0
34,153588,7,8,48,1,47,1
47,85091,20,2,72,5,12,1
48,179591,20,6,76,5,41,1
46,173465,26,7,45,2,19,0
22,190390,18,7,64,4,12,0
45,119192,22,3,40,4,23,0
23,135805,34,9,40,4,5,0
28,184912,4,2,39,3,26,0
53,143089,7,3,63,0,10,1
55,114367,10,2,34,4,22,0
26,38265,15,9,52,4,39,1
59,161496,23,4,54,5,23,0
43,176697,20,2,58,1,11,1
45,104622,22,3,69,1,28,1
39,185259,7,4,42,2,31,1
25,60929,6,10,76,2,8,1
31,86892,1,6,61,2,39,1
32,176611,29,5,63,4,48,1
30,81630,12,3,41,1,28,1
28,165287,22,10,53,2,16,0
44,195457,28,8,69,1,46,1
48,156025,19,8,50,4,47,1
56,112580,32,7,58,5,31,0
57,102462,28,3,52,4,41,1
41,138396,14,1,62,2,48,1
28,122037,22,5,37,4,16,0
29,120310,2,1,71,4,5,1
35,181080,28,6,42,1,35,0
38,73928,7,7,34,0,25,0
40,114876,21,5,70,3,13,0
26,49976,28,4,39,2,29,0
32,149984,1,2,43,0,27,1
22,183698,0,5,53,5,40,1
27,123256,19,9,40,2,17,0
36,125537,20,4,75,0,37,1
23,160772,7,2,32,4,38,1
23,134331,26,6,58,2,29,0
47,32526,34,8,77,0,34,1
58,128863,5,2,59,3,30,1
53,195572,18,9,78,4,31,1
48,98366,17,7,66,2,22,0
21,81096,0,2,36,5,46,1
28,163982,24,5,46,5,25,0
57,96185,26,5,49,2,4,0
52,75248,6,7,40,0,35,1
57,158023,28,5,73,2,41,1
24,104888,30,6,54,4,44,1
50,119533,18,9,53,1,9,0
26,66954,5,3,31,5,26,0
39,114719,24,3,56,0,27,1
52,164876,30,8,48,3,27,0
29,25595,8,10,58,2,18,0
32,54592,19,6,66,4,30,1
31,65643,9,10,40,2,45,0
36,87665,26,3,48,3,46,1
21,176895,12,2,57,4,31,1
41,30972,1,2,68,3,42,1
50,40882,20,2,50,4,3,0
33,179841,32,5,55,1,29,0
54,50020,23,5,51,5,7,0
24,198820,33,1,35,4,18,0
48,127621,8,2,40,3,16,0
58,110374,1,2,43,0,49,1
51,69912,29,4,65,5,32,1
47,37879,21,7,69,1,38,1
25,58798,10,3,70,2,25,1
45,132791,16,5,31,1,44,0
23,100791,12,9,72,1,32,1
53,91983,6,5,49,2,19,1
24,199077,15,9,51,4,3,0
45,158922,32,1,68,1,35,1
40,184472,0,9,33,5,29,0
54,36953,10,5,58,1,11,0
46,131410,5,8,75,0,6,1
25,150155,19,5,53,5,19,0
55,179607,34,6,30,0,37,0
48,106029,25,8,53,5,45,0
49,29055,11,2,59,3,27,1
29,63170,29,3,41,2,5,0
58,124976,27,9,48,5,26,0
26,53251,26,5,66,5,35,1
39,160604,18,5,69,4,19,0
31,160996,4,9,72,4,17,0
22,73037,4,10,33,3,35,0
29,117115,26,3,44,4,47,1
41,102926,27,4,49,4,49,1
44,95400,25,7,73,0,13,1
54,124525,26,2,49,4,14,0
42,126164,20,8,50,4,30,0
23,166774,0,5,39,3,48,1
32,131732,27,1,59,3,43,1
48,40385,14,3,53,1,17,1
50,34336,16,9,77,4,37,1
46,90421,25,5,69,4,15,0
41,187297,19,8,69,5,18,0
48,61021,24,1,67,4,48,1
46,159854,12,7,32,0,14,0
53,142369,32,7,58,5,14,0
41,74111,24,8,37,4,45,1
55,114402,7,3,58,0,33,1
54,144774,4,1,39,1,38,1
38,67719,5,9,34,5,11,0
31,150695,22,1,40,2,11,0
43,159585,29,6,33,4,48,0
42,169407,13,9,78,5,26,1
37,129126,22,2,64,3,3,0
25,102658,10,4,79,5,25,1
31,190912,30,2,69,3,17,1
50,56007,5,4,41,4,22,1
35,131833,10,2,50,0,29,1
47,143637,12,1,45,3,46,1
55,145721,11,3,43,5,26,0
53,118220,1,8,50,5,34,0
40,51393,34,5,77,3,26,1
36,82480,16,4,56,1,9,0
54,142243,27,5,65,1,40,1
22,113290,27,6,30,1,11,0
55,129263,21,6,30,3,7,0
48,165179,6,5,51,3,30,1
59,30993,14,6,44,5,2,0
26,118650,31,9,49,4,30,0
29,142595,10,5,32,4,4,0
40,77066,23,6,43,0,14,0
21,136850,2,4,38,3,13,0
28,67942,29,3,48,4,25,0
43,41138,5,6,69,4,13,1
23,143558,1,5,63,1,13,1
24,34190,13,4,33,1,37,0
45,117259,17,5,62,1,44,1
58,103422,30,7,72,2,6,0
35,107315,12,1,66,4,26,1
41,54086,25,1,31,1,14,0
55,173394,11,1,56,1,8,0
34,150604,17,2,74,3,24,1
56,125814,8,9,46,5,22,0
32,144324,20,5,78,1,40,1
37,153921,23,9,79,3,39,1
59,28435,33,5,60,0,49,1
29,126505,7,7,70,1,21,1
55,78331,32,6,35,5,43,0
33,185014,22,2,60,3,26,1
35,185131,12,3,32,5,10,0
38,138457,13,5,69,1,13,1
53,77389,13,4,32,0,42,1
26,78014,15,6,62,1,14,0
47,188898,25,8,42,3,9,0
43,55297,25,8,50,0,7,0
47,68890,0,3,66,0,39,1
54,46322,31,4,45,0,31,1
58,60739,14,1,50,2,16,1
34,165791,20,2,77,3,8,1
56,104553,17,9,73,2,48,1
28,33314,29,10,42,5,15,0
55,118831,12,10,33,0,25,0
39,100164,23,2,60,2,47,1
50,132658,29,6,38,1,38,0
34,102028,1,7,77,2,41,1
40,61113,18,6,62,4,15,0
45,142174,24,8,66,5,25,1
44,171429,13,9,66,0,7,0
34,45365,5,8,53,0,26,1
46,64029,11,5,54,5,8,0
58,26737,19,8,70,5,18,1
43,156042,22,10,58,3,21,0
42,110474,29,10,69,1,16,0
39,103218,29,9,79,5,47,1
23,183571,29,8,76,5,3,0
39,153692,29,2,65,3,1,0
29,153411,33,2,44,5,13,0
48,197106,15,3,74,2,32,1
40,25294,23,7,47,4,12,0
27,49596,13,9,49,4,31,0
34,123185,25,8,34,4,41,0
29,36434,7,9,47,5,2,0
39,83382,13,6,69,4,41,1
34,63098,30,1,30,1,8,0
58,29655,1,4,48,2,25,1
56,108029,3,6,52,4,5,0
37,71228,0,6,55,0,45,1
50,28771,19,8,78,5,2,0
29,99099,13,1,58,2,42,1
53,145811,24,2,63,1,38,1
45,87257,24,2,48,4,39,1
34,42558,2,6,77,1,3,1
31,83436,4,7,47,5,46,1
55,132779,25,2,31,4,48,1
34,149891,3,5,56,0,38,1
50,57376,6,6,35,2,22,0
24,102924,29,4,68,0,40,1
24,54332,29,1,35,4,33,0
48,156001,18,3,35,3,32,1
28,71737,34,10,60,2,47,0
22,155912,32,9,70,1,17,0
42,114031,32,6,69,4,18,0
36,45991,13,2,59,0,3,0
49,52472,9,9,50,5,6,0
50,84946,27,4,70,3,49,1
32,182921,13,8,73,5,13,0
55,26541,15,10,47,4,31,0
31,154237,20,7,52,1,17,0
41,27765,27,3,67,0,21,1
41,68074,32,8,52,2,16,0
25,127795,5,4,57,3,17,1
40,185355,14,2,65,4,32,1
57,126387,2,5,54,4,1,0
23,156841,34,1,36,4,48,1
53,173878,13,8,47,4,38,1
29,27972,1,8,49,0,8,0
29,174328,28,3,34,2,1,0
24,128903,3,1,47,1,2,0
55,174725,25,4,71,3,47,1
37,128579,11,9,69,4,37,1
54,64339,1,9,62,5,24,0
44,181829,16,1,44,4,27,0
52,128376,34,7,64,2,20,0
21,67399,9,6,76,2,47,1
28,69013,21,7,75,0,21,1
43,170778,20,7,30,0,42,0
32,194303,14,8,50,5,37,0
32,52909,34,8,37,5,35,0
35,182541,20,10,36,0,38,0
39,157385,20,2,70,3,15,1
46,163919,20,4,79,5,46,1
49,166002,31,4,73,0,42,1
42,28285,4,10,69,4,30,1
41,148637,8,8,69,0,4,1
58,60863,17,3,59,3,43,1
40,172776,20,3,67,0,39,1
49,174777,7,2,64,0,15,1
24,156627,33,1,31,4,23,0
27,46323,9,8,75,5,41,1
48,95968,23,9,37,4,15,0
48,78915,23,9,67,4,26,0
24,134543,31,8,33,0,12,0
42,166691,32,5,66,4,18,1
32,133500,33,1,50,2,6,0
23,177297,10,9,42,1,18,0
42,136266,30,6,38,1,24,0
22,51739,17,7,74,4,38,1
44,153041,22,8,58,5,28,0
54,78019,21,5,70,3,15,1
47,32373,17,6,53,4,19,0
21,191353,19,7,45,5,5,0
28,45187,12,7,41,4,4,0
43,92863,0,2,31,0,17,1
58,122927,3,1,48,5,10,1
26,109085,23,8,59,3,12,0
42,142996,1,5,45,4,5,0
45,64220,27,10,53,2,7,0
38,155503,25,2,42,5,44,1
37,32642,22,3,34,1,23,0
32,104971,14,6,52,5,2,0
26,80556,26,10,67,2,30,1
46,189832,5,6,60,2,49,1
47,63192,34,8,46,2,45,0
28,160453,34,5,78,3,37,1
39,175630,9,5,78,3,5,1
21,55782,29,7,32,5,20,0
49,29782,28,10,55,3,26,0
55,175534,3,5,42,1,44,1
34,85030,4,9,73,0,44,1
55,81411,3,6,67,5,39,1
40,122469,15,7,51,4,6,0
33,71950,24,8,50,4,29,0
58,158595,13,5,58,5,10,0
28,165749,10,4,74,0,16,1
40,171161,28,8,75,4,34,1
53,160653,33,10,68,5,31,0
46,167979,21,9,34,5,36,0
59,161681,13,1,43,2,41,1
41,75539,23,3,47,1,5,0
29,47936,25,4,33,4,33,0
44,75182,15,7,62,1,43,1
57,136259,31,6,68,5,19,0
37,120042,5,10,49,0,32,0
44,38163,33,10,42,5,23,0
41,168609,7,1,65,4,3,1
59,47419,29,4,74,1,1,0
59,198650,26,6,33,2,36,0
33,146211,6,3,64,2,41,1
31,147762,26,2,37,5,28,0
39,25834,24,2,69,0,48,1
31,57214,14,10,78,3,39,1
33,27413,24,4,76,4,5,1
21,34505,21,1,65,5,13,1
39,127802,17,10,35,2,11,0
32,158177,11,2,51,2,46,1
28,153303,22,10,35,0,22,0
28,139897,24,2,71,2,49,1
32,83408,9,4,65,4,23,1
53,193751,29,4,38,0,12,0
46,141908,9,1,45,1,21,1
59,104731,33,7,68,0,19,0
48,90131,12,7,75,4,5,0
25,89280,28,10,67,4,24,0
28,40762,8,10,62,1,30,1
45,142798,12,10,47,5,8,0
47,141854,13,1,41,0,2,0
43,83703,8,8,56,4,49,1
50,88079,7,10,76,4,34,1
43,46577,2,7,30,1,23,0
40,26214,32,7,44,3,3,0
38,111339,31,6,76,0,24,1
38,73114,6,4,56,4,18,0
22,88230,18,8,45,2,47,0
24,189052,33,2,50,1,37,1
50,92194,13,7,30,3,49,1
53,137333,18,3,58,3,31,1
56,62792,25,3,32,1,14,0
38,70807,16,7,41,3,1,0
57,150266,27,3,57,4,14,0
39,178373,18,5,68,3,41,1
48,161213,26,8,66,0,5,0
40,129292,18,4,60,2,31,1
53,147984,32,7,60,4,31,0
32,38777,6,7,62,1,30,1
35,63346,28,2,62,2,36,1
59,79703,4,8,76,5,1,0
22,119977,29,10,69,4,3,0
49,72819,7,10,40,2,20,0
30,184541,11,9,75,3,43,1
22,159917,12,6,58,5,48,1
31,135186,25,5,54,1,43,1
33,48290,17,1,42,1,21,1
30,137551,19,1,73,0,30,1
34,186771,15,9,48,3,42,1
38,123682,2,4,65,0,44,1
29,159365,26,1,57,0,30,1
59,143017,14,10,33,3,5,0
48,144496,33,3,32,4,10,0
23,82089,21,6,67,5,24,0
40,172680,22,8,66,0,45,1
26,153713,3,10,72,2,39,1
47,41619,22,2,54,5,48,1
22,103006,8,8,70,4,6,0
49,39779,23,1,64,3,10,0
58,46630,20,2,58,1,42,1
23,130575,15,8,70,4,43,1
36,140436,24,7,58,0,10,0
50,168250,25,5,41,2,25,0
22,176007,8,10,64,5,14,0
37,47784,14,2,49,3,47,1
32,179099,32,9,46,1,39,0
55,137167,0,5,41,5,13,0
21,92359,4,8,79,2,11,0
35,103608,8,4,65,1,39,1
46,40111,5,9,39,3,11,0
57,188384,27,10,47,5,46,0
41,49161,25,7,59,4,49,1
51,143920,27,2,37,0,16,0
45,129823,14,3,70,3,33,1
43,150014,5,2,42,2,41,1
44,155466,26,5,60,4,41,1
58,92313,3,2,35,5,32,1
48,180086,10,5,36,1,10,0
41,105308,20,9,50,4,15,0
38,71389,29,2,67,4,16,1
56,174233,17,9,72,2,43,1
55,132800,34,7,78,0,27,1
29,163562,2,7,57,4,49,1
58,144547,11,5,73,4,45,1
50,49502,26,8,50,0,32,0
54,60757,29,7,50,0,6,0
52,66111,20,6,53,1,47,1
23,123273,20,2,56,5,48,1
23,83645,14,6,56,1,36,1
48,135218,17,2,42,0,8,0
35,84055,28,1,79,3,25,1
43,144815,20,9,58,0,7,0
31,165070,16,5,68,1,17,0
52,184978,17,10,57,2,48,1
56,126026,11,10,66,2,30,1
53,95192,10,4,58,5,2,0
44,192973,19,8,77,4,17,0
59,77021,8,5,51,2,4,0
54,54092,0,7,65,1,26,1
48,157314,2,3,59,2,14,1
57,131843,20,8,57,3,8,0
27,157903,22,8,52,0,5,0
24,75721,8,3,62,0,5,1
57,53511,18,9,33,1,5,0
21,97782,18,8,32,4,27,0
21,122003,22,1,61,0,5,1
40,174374,26,8,33,2,3,0
39,80568,26,4,30,3,38,0
49,159304,11,6,41,4,30,0
30,127062,26,10,42,4,1,0
38,129301,33,9,63,4,8,0
48,76507,32,5,58,0,13,1
55,149277,27,7,38,5,20,0
51,154999,30,1,60,4,6,0
47,125128,31,9,36,1,48,0
31,35683,19,6,42,2,8,0
58,48664,34,4,31,5,30,0
25,127364,30,6,62,3,49,1
28,189244,30,5,79,2,40,1
54,89340,21,3,36,1,15,0
32,112236,8,7,47,1,10,0
58,36017,8,3,37,5,33,1
21,61613,14,2,41,2,9,0
51,55348,12,4,72,0,49,1
24,172520,21,7,59,1,33,1
25,34491,15,5,38,4,9,0
50,146070,31,9,57,3,14,0
44,83759,1,10,33,3,32,0
23,157040,25,7,68,1,37,1
31,25368,13,9,46,4,6,0
24,60010,33,9,40,2,5,0
46,60851,7,2,31,3,4,0
47,147761,20,1,52,4,48,1
47,181568,27,4,79,4,16,1
26,152152,5,4,51,0,10,1
35,187008,19,2,55,1,31,1
50,103858,30,3,41,4,31,0
57,92005,32,3,61,2,14,0
57,62493,6,5,38,3,13,0
57,192462,7,1,72,0,4,1
55,35292,8,9,34,2,46,1
43,117377,1,8,55,3,26,0
26,184437,16,8,36,1,24,0
24,173279,16,3,58,2,9,0
38,126735,34,2,62,3,35,1
29,47912,29,1,53,0,42,1
49,105771,5,6,54,3,15,0
33,132293,3,10,60,4,24,0
37,124083,34,1,58,0,31,1
52,138655,8,5,34,2,19,0
42,175348,5,9,67,5,2,0
24,122459,12,9,74,1,2,0
25,161606,21,4,40,0,41,1
57,191742,27,7,61,0,36,0
33,136695,29,7,37,0,37,0
54,192558,1,4,49,3,34,1
42,59268,7,5,63,4,39,1
43,132338,8,9,76,5,19,1
23,51336,0,7,71,1,38,1
54,28641,12,7,37,1,23,0
52,112132,14,10,31,4,16,0
41,57959,31,7,50,3,46,1
41,169378,33,9,44,3,44,0
31,99123,30,5,35,4,6,0
59,46498,13,6,34,4,26,0
24,95198,13,3,32,2,22,0
21,52197,28,1,72,3,45,1
48,176791,18,2,72,0,47,1
44,133775,26,8,45,1,24,0
55,50032,8,1,64,3,46,1
33,84624,27,10,38,4,40,0
54,103177,23,7,64,0,21,1
31,66964,27,5,48,2,30,1
56,186100,17,6,72,5,11,0
37,136030,24,8,75,2,9,0
55,79646,34,4,63,0,12,0
38,106187,3,6,68,0,26,1
42,164608,13,3,39,4,38,1
44,142399,25,7,39,5,3,0
39,81747,7,2,49,4,33,1
57,70712,23,8,30,1,15,0
59,162345,15,7,35,5,47,1
41,96820,19,8,75,5,5,0
28,150342,14,2,31,1,24,0
48,116228,6,3,67,2,11,1
25,99353,16,4,62,0,33,1
37,117091,21,9,32,2,23,0
57,110914,21,5,65,4,10,0
56,131718,11,6,42,3,43,1
39,173199,17,1,64,4,28,1
47,36539,14,4,44,3,39,1
54,71219,15,4,74,0,17,1
31,170764,4,10,51,0,44,1
32,38334,1,8,72,5,26,1
41,184687,27,8,33,0,25,0
31,32903,26,10,46,1,36,0
59,184599,30,6,34,1,12,0
48,171701,0,8,50,3,3,0
25,83008,28,9,53,2,29,0
37,124318,0,5,60,5,44,1
40,182780,7,1,69,2,24,1
32,166932,15,1,59,3,19,1
26,173510,27,2,71,1,13,0
37,92300,21,2,36,4,16,0
39,154263,17,5,78,5,40,1
46,45842,21,7,36,3,27,0
52,67372,11,7,56,2,6,0
26,139316,18,4,53,3,42,1
56,123971,24,4,48,3,10,0
58,63744,4,10,70,0,38,1
31,141082,33,3,63,1,8,0
53,82442,9,2,51,5,18,1
44,154070,6,3,56,0,32,1
43,110990,14,8,35,1,17,0
35,146670,23,1,39,3,42,1
47,131917,25,4,74,1,2,0
31,28650,25,7,60,2,44,1
37,70117,25,5,54,5,20,0
34,116244,9,2,31,0,10,0
47,28190,16,1,39,5,9,0
38,73113,13,6,39,3,48,1
48,164861,1,5,55,2,39,1
24,57125,12,3,34,1,41,1
27,155000,26,9,51,1,25,0
55,173531,8,3,33,2,25,0
29,191490,6,2,63,1,24,1
28,136904,9,5,36,0,6,0
37,43768,8,9,79,4,30,1
37,106099,21,8,46,1,10,0
53,183957,22,6,40,3,39,0
52,112421,6,3,79,1,31,1
28,31895,8,6,37,5,18,0
39,96017,26,5,57,3,43,1
58,48932,23,1,73,1,33,1
23,46360,28,5,62,1,19,1
25,79847,16,7,54,3,23,0
33,115365,19,9,50,0,5,0
51,110468,6,1,41,4,26,1
36,63931,6,3,55,4,29,1
52,80823,27,8,58,0,24,0
42,63032,18,6,67,1,6,0
49,43807,19,5,64,4,39,1
42,167839,6,10,66,0,4,0
23,164143,5,2,75,0,48,1
30,78413,24,3,73,4,42,1
41,182221,12,2,74,3,26,1
36,40540,21,1,74,2,15,1
32,95248,16,7,58,3,13,0
22,135494,21,3,78,1,40,1
44,110435,33,7,53,3,22,0
55,44787,7,7,44,5,13,0
50,45982,17,8,35,2,39,0
50,47606,23,1,61,2,17,1
55,166222,1,5,73,0,36,1
39,137223,1,10,63,5,39,1
28,71936,26,9,65,1,48,1
46,118286,13,7,49,0,25,1
27,164665,11,1,41,3,34,1
50,173430,31,8,64,3,21,0
27,62381,27,3,78,4,25,1
23,146465,27,4,67,0,25,1
21,53074,24,4,46,5,22,0
56,176667,3,10,56,0,23,0
45,69194,25,8,46,0,25,0
57,51853,2,1,40,0,14,1
21,98719,0,8,68,2,14,1
35,176733,16,9,31,4,26,0
57,143724,6,9,31,1,40,0
33,192567,4,5,58,1,30,1
28,38703,18,4,74,1,26,1
25,186887,33,4,53,2,38,1
29,185637,34,9,53,4,22,0
21,142491,15,8,45,5,39,0
56,83453,26,10,60,4,39,0
55,113478,24,10,78,2,34,1
22,58161,25,7,72,5,25,0
43,139296,13,3,38,0,36,1
29,165788,13,4,56,3,13,0
54,58349,13,9,70,0,29,1
34,72098,24,8,43,1,42,1
24,133435,3,1,74,0,9,1
50,156204,14,3,54,2,15,1
51,76990,31,10,72,1,31,0
58,93921,17,2,73,3,44,1
31,192610,13,2,51,5,27,1
55,125572,0,8,64,5,31,1
28,32213,19,6,62,1,10,0
23,149693,9,6,56,0,37,1
34,116655,9,4,69,4,7,1
33,93371,23,1,55,4,32,1
52,93274,33,7,48,5,11,0
54,132853,27,8,74,4,48,1
39,29134,26,2,68,1,45,1
58,116428,0,2,74,4,28,1
36,64601,32,1,55,2,4,0
22,98889,3,4,35,5,48,1
37,40690,6,6,32,3,45,1
54,26909,8,5,35,4,31,0
36,116239,15,4,57,2,29,1
58,105032,4,4,32,2,33,0
22,37062,33,10,42,1,4,0
22,100386,22,7,42,5,47,0
46,190803,24,7,42,1,26,0
33,161225,12,2,30,3,31,0
51,166553,23,7,69,3,31,1
54,124270,10,2,66,0,27,1
59,91425,16,4,60,3,25,1
23,109981,12,1,46,5,48,1
28,129470,26,5,38,5,36,0
43,184277,19,1,74,1,49,1
34,113887,32,4,42,2,31,0
47,106542,31,9,66,0,43,1
49,74112,7,8,43,3,37,1
59,167012,28,6,40,2,45,0
59,84010,18,8,54,1,44,1
21,49485,5,5,60,4,23,1
37,114299,20,7,43,0,35,0
50,130584,21,8,36,5,4,0
33,157139,9,7,53,2,28,1
41,45607,9,4,78,1,42,1
39,86597,28,5,65,1,41,1
39,99554,15,10,71,0,42,1
45,40187,0,6,71,0,13,1
42,28985,16,6,76,3,1,0
51,199124,29,9,73,3,12,0
37,175635,25,10,70,5,43,1
43,76514,18,2,32,5,40,1
52,43608,20,6,76,0,26,1
30,96327,16,3,73,0,46,1
30,42221,20,2,55,2,46,1
56,73506,18,6,76,3,23,1
28,45968,6,4,55,1,49,1
40,152677,16,5,30,3,22,0
52,184009,0,5,44,3,28,1
34,197903,5,3,40,0,17,0
48,199005,25,4,66,0,6,0
44,127951,1,3,36,3,14,0
35,133306,31,7,41,4,17,0
42,68601,4,1,67,4,38,1
50,97178,30,6,32,5,5,0
24,184826,11,4,71,3,13,1
33,199382,34,1,55,4,48,1
43,94893,29,1,59,5,9,0
28,111799,5,5,61,5,44,1
38,73367,14,5,65,3,42,1
32,38201,14,10,74,5,26,0
51,158811,15,7,66,0,13,1
34,38231,19,4,47,0,19,0
54,198567,12,9,30,0,48,1
38,177240,30,4,50,1,17,0
54,188696,33,7,57,0,16,0
31,166707,28,5,77,0,30,1
32,34964,2,5,45,3,32,1
35,183857,8,6,77,4,14,0
51,37336,10,8,57,4,48,1
49,102475,10,5,51,0,15,1
46,183484,24,3,48,0,12,0
38,107212,21,6,77,0,37,1
52,100379,8,2,30,5,11,0
42,70591,19,8,60,3,5,0
58,86750,20,8,71,3,11,0
37,115648,9,3,63,3,34,1
43,121134,21,8,75,4,19,0
44,191526,28,9,69,1,26,0
28,123537,8,5,35,4,26,0
26,87672,4,5,57,3,17,1
25,52228,10,6,32,2,31,0
49,39429,0,7,60,1,19,1
48,109294,0,3,45,0,44,1
31,140577,4,5,46,5,20,0
21,113074,21,1,73,4,23,1
39,93936,25,10,56,5,25,0
29,82378,5,5,53,1,28,1
47,62310,31,4,49,2,37,1
54,126827,10,1,61,1,12,1
24,191328,9,7,64,4,48,1
56,124862,33,1,42,3,1,0
38,63889,30,8,77,0,2,0
35,76428,11,10,72,3,10,0
33,135502,15,2,49,3,34,1
39,193279,2,10,77,4,32,1
26,75255,1,5,31,3,25,0
32,130824,4,6,33,3,10,0
57,30409,10,9,56,4,1,0
37,67438,24,7,54,4,32,0
43,32869,34,6,33,2,37,0
46,50958,34,5,61,3,12,0
49,175840,21,6,46,1,49,1
53,182217,21,4,30,0,18,0
47,100622,10,1,62,5,30,1
45,51442,31,9,59,0,13,0
30,106948,34,5,34,4,3,0
43,50596,30,8,41,5,21,0
41,100791,7,7,67,4,42,1
41,67406,19,8,61,2,14,0
33,65524,33,1,67,3,40,1
57,179404,3,9,46,4,10,0
53,135160,17,1,74,4,2,1
44,171836,3,3,69,0,45,1
31,183635,19,8,61,3,37,0
37,192442,8,1,53,2,11,1
24,30062,15,1,41,4,1,0
45,69645,25,6,76,4,26,1
50,147759,24,5,60,4,42,1
29,32244,3,6,48,0,13,1
41,162444,18,3,58,4,28,0
40,110501,13,10,50,4,36,1
39,142450,20,10,55,0,21,0
39,41956,14,6,57,4,10,0
32,196545,2,2,46,3,12,0
57,169966,15,8,38,3,46,0
37,41709,13,6,50,0,27,1
57,143428,8,4,79,3,3,1
59,40210,6,4,63,5,28,1
48,127081,13,7,40,5,2,0
55,194746,5,3,49,5,28,1
38,125025,20,3,78,2,31,1
34,173805,14,6,79,4,43,1
55,176152,7,9,76,2,21,1
27,149476,33,1,68,3,7,0
33,195781,0,5,45,0,31,1
38,84846,31,1,58,5,14,0
57,90480,4,1,30,0,39,1
33,77960,29,3,47,2,39,1
56,197224,21,3,51,3,9,0
51,183322,19,4,37,4,23,0
22,110765,15,3,36,3,12,0
36,142265,6,6,54,5,29,1
29,73137,6,4,59,3,38,1
29,143922,1,8,63,0,39,1
58,146280,13,1,73,1,22,1
31,68876,30,8,77,5,4,0
42,119547,13,1,70,4,48,1
53,75227,4,1,40,5,7,0
56,188522,10,7,44,5,40,0
43,109433,4,1,64,4,8,1
54,98704,28,9,52,5,35,0
29,31861,10,8,74,0,9,0
44,86914,4,1,50,3,13,0
28,88888,31,2,57,0,39,1
27,104286,14,2,42,3,20,0
56,86293,18,2,63,1,21,1
38,93515,21,6,67,5,47,1
23,179596,33,4,35,1,19,0
48,32065,16,8,73,2,2,0
26,193756,11,1,33,3,44,1
41,113720,24,10,34,0,40,0
48,189437,16,4,69,0,30,1
21,83876,9,10,35,5,23,0
56,179776,27,5,50,0,40,1
41,161694,17,9,57,2,13,0
55,108797,17,5,32,4,33,0
33,116141,31,3,52,0,32,1
30,127390,13,4,37,5,28,0
30,121856,15,10,48,1,24,0
33,91201,17,7,40,0,42,1
57,188766,15,1,79,0,28,1
58,114766,16,6,39,0,30,0
44,47995,6,8,57,5,41,1
22,117320,11,1,49,4,29,1
42,105141,33,8,73,0,34,1
37,164491,9,7,57,4,22,0
56,189909,4,1,58,4,25,1
34,95799,20,9,37,2,14,0
30,70687,2,3,48,1,10,1
55,62276,18,2,77,0,10,1
45,59523,34,7,50,0,8,0
23,79615,5,3,47,0,14,0
58,35514,13,1,38,4,45,1
37,72456,3,10,33,3,38,0
32,32233,17,3,70,1,32,1
44,26102,28,6,54,5,45,0
49,91133,34,3,63,0,32,1
45,71715,15,5,38,3,3,0
56,135545,19,9,38,3,20,0
46,129085,23,7,47,3,13,0
58,134101,34,2,40,1,23,0
21,162328,18,1,42,3,19,1
40,133684,3,7,67,5,16,0
48,89800,32,4,38,0,36,1
36,119937,1,7,45,5,35,1
37,66548,12,6,33,0,47,0
48,198439,29,7,63,2,47,1
32,153845,33,4,36,4,7,0
47,138815,29,3,44,3,37,0
50,152602,23,5,67,5,8,0
54,151270,32,3,40,4,25,0
57,151320,9,3,61,4,23,1
26,182277,17,4,56,4,10,0
27,50570,18,8,59,4,30,1
52,186327,6,2,46,4,33,1
52,46182,18,4,65,0,11,1
45,64373,23,3,48,1,35,1
53,68019,14,7,36,3,27,0
27,41043,22,2,72,3,3,1
32,44239,3,1,74,0,47,1
36,166488,3,10,50,5,49,1
36,159484,4,1,57,0,8,1
56,106976,22,6,32,4,13,0
33,49406,10,3,43,1,42,1
27,26875,10,7,31,3,3,0
56,193138,12,8,58,5,20,0
29,161824,13,5,47,2,46,1
52,157425,7,5,66,0,45,1
31,183058,24,2,74,2,35,1
28,39691,17,8,74,3,13,0
53,73075,17,10,53,0,20,0
43,35794,9,1,75,3,24,1
45,172478,6,10,41,0,9,0
28,100930,13,9,74,5,30,1
42,182944,14,1,61,3,25,1
24,66708,15,1,47,2,16,1
23,140492,1,1,42,1,8,0
49,131629,29,7,33,5,44,0
49,176872,29,4,52,5,28,0
54,199469,17,7,39,0,12,0
54,148313,30,5,34,2,24,0
48,193981,12,7,79,3,49,1
33,46352,19,10,69,2,29,0
35,126975,34,7,43,5,15,0
43,118848,22,4,63,0,18,1
46,171510,32,2,57,2,7,0
24,69999,34,8,37,3,13,0
46,43482,19,2,45,4,19,1
29,188543,2,9,60,5,48,1
25,72279,7,5,36,1,43,1
52,134413,31,9,32,1,5,0
40,79213,28,9,58,5,26,0
31,138909,6,8,65,4,2,0
35,38026,1,8,68,0,33,1
52,110184,20,4,33,2,48,1
48,30435,5,4,38,2,37,1
42,164565,27,2,46,4,25,0
37,84321,31,4,78,4,25,1
46,158835,8,4,49,3,39,1
27,45389,10,6,43,3,30,0
46,56498,22,3,75,1,41,1
45,88755,10,2,58,0,4,1
30,126545,1,8,42,0,19,0
39,60825,2,2,65,4,27,1
31,41934,10,8,74,1,47,1
33,30574,34,7,46,1,39,0
28,155698,14,3,76,3,24,1
24,194251,10,6,79,2,37,1
51,157659,30,6,72,0,25,1
48,67782,27,10,33,1,29,0
31,85561,27,5,49,3,31,1
21,160481,31,8,40,3,45,0
58,152159,24,5,71,3,35,1
44,51751,19,7,51,2,28,0
51,63174,27,6,74,1,38,1
46,147678,24,7,37,4,44,0
25,81572,10,9,57,4,4,0
40,86416,18,3,74,3,28,1
31,168113,27,10,70,3,31,0
53,179299,0,7,59,2,23,1
58,60201,4,10,62,3,14,1
47,61069,9,3,62,5,28,1
54,51370,33,2,76,1,14,1
35,150342,1,7,65,3,1,0
52,167658,17,4,56,3,43,1
41,150758,12,1,49,1,32,1
25,161394,4,6,62,0,41,1
26,90294,19,6,54,5,18,0
58,104468,1,6,73,5,5,0
42,185371,10,2,72,4,42,1
38,115715,29,1,48,3,15,0
34,95793,31,3,76,1,42,1
30,136672,31,2,50,4,16,0
33,165849,27,6,71,2,36,1
51,167321,9,6,62,0,36,1
50,145902,21,5,32,3,40,0
23,46390,16,10,43,0,30,0
50,45369,21,10,44,3,38,0
26,168953,18,5,62,3,23,1
49,34587,16,9,71,3,11,0
28,132009,23,5,51,0,25,0
53,163905,31,10,30,5,45,0
37,72013,27,6,60,2,43,1
31,142341,13,4,76,5,2,0
33,152785,5,10,64,1,35,1
31,171826,8,1,49,1,47,1
51,132584,20,4,61,5,24,1
48,103113,11,2,41,2,13,0
26,111784,29,10,45,2,42,0
36,60282,30,3,37,3,37,1
24,192809,3,7,43,3,30,0
55,49124,30,7,47,1,11,0
46,95102,26,1,59,3,23,1
32,158268,24,8,62,3,46,1
31,86527,4,7,63,2,28,1
57,155371,5,1,73,0,29,1
45,155942,4,8,78,5,15,0
38,121651,26,2,63,4,45,1
39,110395,7,8,78,4,3,1
43,36345,8,3,36,3,9,0
58,149544,14,10,35,3,8,0
38,59077,6,7,35,5,47,1
46,155429,31,6,51,4,33,0
26,37055,7,5,37,2,34,1
24,128693,14,10,66,4,9,0
49,110283,18,2,44,4,17,0
54,69484,5,2,55,4,41,1
37,102514,18,1,68,3,1,0
36,115135,27,9,32,3,40,0
22,60771,16,8,39,5,5,0
54,135284,18,8,32,4,30,0
28,142399,30,1,59,3,11,0
33,129885,10,5,75,5,28,1
28,185449,14,6,51,4,38,1
50,198805,9,2,32,2,17,0
52,154344,22,10,30,3,23,0
56,167832,2,5,62,0,18,1
50,138226,2,6,48,5,37,0
21,124250,17,9,65,3,27,0
59,50762,24,10,63,2,25,0
37,190404,19,1,60,2,5,0
40,196172,28,10,72,3,19,0
44,161016,21,3,53,1,27,1
42,73825,14,9,41,5,13,0
49,38877,9,1,42,4,7,1
42,186062,20,1,45,4,26,0
29,154065,28,1,45,2,14,0
57,133443,31,7,49,3,27,0
30,124612,9,5,70,1,8,0
56,142674,12,6,77,5,31,1
57,140074,22,8,56,0,35,1
48,159330,22,2,68,4,27,1
48,56629,30,2,42,5,4,0
41,193651,3,3,33,5,42,1
44,179030,2,3,61,1,4,0
22,195537,20,3,74,5,18,1
28,40775,1,4,69,4,23,1
47,190279,3,3,63,3,32,1
42,178625,0,2,68,4,12,1
57,25055,14,9,72,0,20,1
47,113697,32,6,46,3,47,1
49,188945,5,3,53,2,45,1
23,126505,6,9,58,1,12,0
33,105720,18,4,75,4,8,0
30,103199,0,4,57,3,22,1
56,181390,18,8,74,5,27,1
29,58734,25,7,76,3,41,1
47,174594,11,7,51,4,41,1
54,167728,21,10,57,2,17,0
21,171965,12,7,54,4,32,1
52,41493,27,10,70,2,33,1
45,159704,13,5,32,5,31,0
49,120872,21,7,42,4,6,0
27,86779,29,4,60,3,39,1
23,194524,19,8,42,0,9,0
40,169338,26,9,70,0,42,1
40,146187,33,3,47,5,32,0
50,141603,0,7,66,3,36,1
55,86607,14,10,72,0,16,0
55,41940,31,9,63,5,12,0
59,180075,7,1,46,2,41,1
47,152880,32,2,50,3,3,0
46,123408,17,7,65,2,27,0
34,59815,28,2,79,3,27,1
37,186941,31,7,69,2,9,0
38,74297,32,1,48,2,17,0
49,85107,4,3,41,0,46,1
40,107793,17,5,57,3,5,0
47,172754,9,6,40,4,26,0
38,44622,32,9,77,0,21,1
24,55408,22,9,66,2,1,0
21,164909,4,3,57,2,1,0
21,171479,33,8,64,4,35,0
46,185381,23,4,73,4,9,0
40,118190,16,7,44,2,23,0
43,174967,30,6,45,4,38,0
30,25370,6,8,74,1,41,1
31,139212,16,6,36,0,4,0
25,25486,27,4,76,3,19,1
21,48762,21,2,32,4,37,1
37,51613,14,7,60,4,5,0
42,28196,14,4,41,1,28,1
54,125565,24,9,37,3,46,0
49,101349,20,9,54,1,42,1
24,89839,1,7,73,3,48,1
25,197988,26,5,79,0,23,1
31,33572,31,3,64,4,38,1
41,184297,20,3,41,0,23,1
55,70853,3,9,50,3,46,1
32,188347,18,9,55,4,18,0
46,97379,1,4,31,1,29,1
39,157177,25,1,43,2,28,1
27,141074,33,10,75,1,9,0
27,68209,13,5,33,2,39,0
46,198559,14,8,46,1,10,0
25,174123,19,10,76,3,2,0
41,119244,33,4,77,0,13,1
34,125300,18,10,34,2,38,0
24,139682,8,10,53,3,27,0
43,82175,6,4,78,0,41,1
40,162921,29,9,36,0,20,0
35,126551,12,9,52,4,40,0
49,43976,26,7,76,4,10,0
28,155617,34,10,46,4,16,0
39,124794,12,8,41,2,15,0
59,81866,14,4,40,2,13,0
48,142752,8,8,40,0,38,1
47,72078,22,6,63,2,20,0
24,56113,2,3,76,0,24,1
35,40401,33,7,66,3,41,1
55,168956,18,3,79,1,7,1
57,193635,27,7,58,0,23,1
21,190486,22,5,77,0,24,1
23,172214,6,4,65,3,29,1
44,96492,11,3,56,4,5,0
47,101693,13,8,71,5,43,1
56,60135,14,4,51,4,45,1
54,52862,2,8,31,4,35,0
49,161262,14,10,76,0,1,0
44,95199,23,3,65,0,36,1
44,130366,7,10,77,2,18,0
24,29331,4,9,59,2,6,0
23,69648,3,6,36,1,23,0
54,53549,13,5,41,1,10,0
43,50761,15,5,32,5,7,0
43,28262,19,3,46,2,44,1
25,97572,23,2,70,0,8,1
51,112858,5,6,61,3,13,0
26,109667,30,1,37,2,30,1
57,29677,5,7,52,0,18,0
30,155334,34,5,67,2,14,0
27,126437,14,4,59,4,11,0
59,174667,28,9,44,2,42,0
58,85148,2,10,39,5,38,0
41,71926,10,1,67,4,13,1
40,100271,2,4,44,0,42,1
23,59457,27,3,59,4,44,1
42,67531,9,6,75,2,33,1
24,153027,32,5,55,4,13,0
48,70771,15,7,74,5,25,1
32,118135,9,1,43,3,24,1
58,91354,32,5,32,4,29,0
56,137743,2,2,65,5,36,1
25,193361,4,2,55,4,6,0
33,58892,11,2,43,1,18,1
43,154662,12,9,60,3,28,0
50,120057,23,10,43,0,5,0
57,63409,31,3,69,5,18,1
45,190542,15,4,39,4,37,0
47,174457,31,5,38,3,7,0
34,179368,20,4,75,0,9,1
56,143566,11,4,69,3,35,1
59,86716,20,5,72,5,12,0
36,114152,20,10,71,1,46,1
42,51382,5,9,47,5,40,1
41,101675,8,9,65,5,44,1
41,47419,0,6,65,0,39,1
28,106238,11,3,41,0,24,1
36,195363,13,6,79,4,9,1
51,37397,5,10,69,2,12,0
30,82888,0,4,32,5,36,1
52,60169,21,3,47,0,37,1
54,87182,33,6,36,5,9,0
29,117476,10,6,60,5,39,1
37,67249,2,2,30,0,46,1
31,184413,5,9,60,1,22,0
52,100603,5,8,42,1,17,0
30,104360,19,6,58,5,33,1
42,38444,20,1,32,1,47,1
37,148662,1,2,58,5,24,1
24,123843,25,4,64,4,15,0
45,35974,30,7,44,0,29,0
41,137150,25,9,50,5,32,0
57,194455,31,10,48,1,33,0
58,119826,9,5,57,1,29,1
21,122648,22,10,33,3,15,0
45,159028,5,2,74,3,27,1
56,164149,22,1,42,1,34,1
37,61490,27,10,44,4,4,0
44,149713,29,1,77,2,49,1
22,80612,13,5,68,5,48,1
35,125474,31,7,61,3,18,0
52,61159,33,9,32,5,21,0
59,64710,21,9,59,3,48,1
26,169878,30,8,49,0,8,0
21,138096,6,1,31,0,6,0
43,132412,20,5,79,1,20,1
59,119924,15,6,54,0,2,0
37,31458,19,6,40,0,45,1
54,155993,18,4,30,2,22,0
49,60524,31,1,77,4,21,1
29,162925,14,3,78,1,6,1
33,65477,4,10,77,2,32,1
26,57222,10,4,39,1,6,0
26,43320,14,4,46,4,13,0
40,119154,28,4,59,1,1,0
23,77243,3,5,64,5,22,1
37,173424,22,9,79,5,24,1
32,97833,14,4,48,5,41,1
21,118476,2,9,75,0,30,1
37,139560,31,9,63,4,22,0
23,159275,9,1,61,2,44,1
46,64267,21,5,41,2,12,0
35,62941,13,9,72,3,26,1
56,107809,16,4,46,2,4,0
52,50368,20,5,35,5,19,0
52,102186,14,4,42,5,16,0
24,55984,14,2,68,3,12,1
38,198013,0,10,51,0,33,0
39,25801,23,2,40,2,21,1
55,131538,11,2,36,4,36,1
34,137201,9,1,74,3,9,1
53,72965,30,3,74,2,39,1
34,110269,10,10,50,0,42,0
54,166041,15,1,30,4,45,1
24,60969,8,4,59,4,8,0
44,188521,13,1,48,0,20,1
49,116679,18,4,76,2,10,1
39,181777,30,3,75,1,32,1
26,53363,8,9,58,2,28,0
53,186792,25,1,64,3,10,0
39,166044,7,8,49,3,8,0
21,58351,23,9,65,2,47,1
25,136023,7,7,68,5,33,1
47,192217,18,1,30,3,47,1
36,112948,29,4,52,1,49,1
26,81235,21,10,60,5,13,0
33,39855,8,1,64,1,44,1
55,192241,3,4,76,4,35,1
39,175641,7,3,74,3,29,1
32,150074,0,2,51,5,5,0
36,79437,27,1,75,2,3,1
30,181810,5,6,36,5,37,0
45,162844,10,7,62,4,41,1
40,115410,4,6,74,1,6,1
51,44731,23,9,65,4,48,1
24,166203,17,9,73,0,42,1
43,91324,19,2,36,3,16,0
22,106720,27,2,56,2,35,1
42,121433,12,9,31,1,18,0
57,27889,4,1,46,4,11,0
28,34569,29,5,30,2,23,0
27,112193,0,1,75,3,47,1
34,110192,21,7,59,2,11,0
23,112154,17,9,51,3,29,0
36,133073,4,6,57,3,42,1
39,32612,30,2,62,3,27,1
38,76644,5,6,55,4,9,0
36,57069,26,9,64,3,35,1
28,106741,24,3,40,2,9,0
53,183403,28,9,36,0,18,0
32,80897,27,8,57,2,44,1
31,170006,15,7,54,4,21,0
25,166167,11,8,70,3,48,1
47,127544,19,10,60,0,36,1
32,43706,17,6,32,4,1,0
37,199588,33,3,62,1,27,1
26,128602,22,7,63,1,45,1
53,59629,26,4,50,1,40,1
25,149746,16,10,66,0,38,1
48,45431,20,5,78,2,29,1
34,65088,30,8,48,0,40,0
25,194087,2,7,66,0,19,1
53,56385,16,7,50,0,24,0
39,95199,25,8,43,1,44,0
42,63677,22,10,39,5,1,0
25,143104,5,3,36,2,36,1
22,37818,27,3,58,5,23,0
50,88001,7,2,69,5,13,1
59,180049,7,1,37,0,30,1
24,74832,18,10,68,2,49,1
53,65931,28,6,42,5,37,0
33,108990,22,6,75,3,11,0
40,97204,31,10,48,0,7,0
27,70784,9,8,40,0,35,0
35,131305,26,6,31,0,11,0
43,34921,0,6,78,3,49,1
34,59959,28,1,35,3,43,1
43,57328,2,7,58,1,47,1
39,164931,30,7,70,4,40,1
49,114506,10,10,34,2,48,0
40,99408,21,9,70,4,21,0
49,148852,17,7,59,0,47,1
44,51708,34,8,68,5,3,0
38,43847,5,4,65,0,30,1
30,80989,2,9,56,5,24,0
28,150383,4,1,79,1,38,1
46,29922,8,8,47,4,3,0
49,77335,27,3,78,0,37,1
30,151913,18,1,65,4,33,1
37,169613,27,2,45,1,22,1
22,44551,26,6,34,4,31,0
26,175453,12,5,38,5,46,1
25,138319,20,3,63,2,12,0
48,80673,26,9,63,1,45,1
25,126531,5,8,65,4,14,0
38,47948,10,3,60,0,12,1
46,117264,16,2,49,3,27,0
40,84072,6,8,46,3,13,0
47,92560,29,5,49,1,24,0
32,158558,20,9,57,3,38,1
27,91691,0,1,50,2,47,1
23,166154,24,10,48,1,48,1
30,127781,31,3,32,0,9,0
54,109105,7,5,59,0,8,1
45,32086,4,2,34,1,37,1
55,152818,29,3,71,3,15,1
36,92853,7,4,35,3,7,0
22,126925,18,4,32,0,24,0
44,95027,29,9,78,2,49,1
30,40916,14,1,71,5,16,1
58,40248,26,9,53,3,24,0
42,49226,12,9,73,2,43,1
46,181097,13,6,30,3,7,0
59,73380,29,1,79,5,43,1
47,32848,12,6,65,1,28,1
49,39274,15,8,44,4,2,0
58,79545,6,5,70,0,34,1
40,121494,26,5,67,1,38,1
47,140981,34,1,73,3,3,1
40,191305,14,1,47,5,1,0
39,41304,27,8,52,0,31,0
40,36294,34,5,76,4,23,1
55,51425,6,8,58,4,20,1
22,135777,19,10,70,5,16,0
50,165497,31,2,51,5,46,1
54,116549,31,4,53,3,32,1
42,118464,25,10,74,0,17,0
23,131748,19,9,77,3,18,0
26,93295,17,3,42,4,4,0
35,41091,14,6,62,1,35,1
47,144943,21,7,79,1,40,1
30,156074,21,3,51,2,36,1
29,75411,20,1,64,4,23,1
53,197030,1,2,46,4,15,0
52,120696,17,10,51,3,13,0
26,176779,22,7,34,2,14,0
56,171320,12,7,54,5,14,0
22,96309,8,1,35,2,37,1
49,171109,6,10,46,0,5,0
24,92421,0,7,60,3,22,1
21,65612,1,10,46,5,28,0
39,38450,3,6,62,5,45,1
46,34491,13,6,68,1,4,0
45,142026,31,7,77,0,38,1
30,99804,1,7,66,2,29,1
35,118293,13,1,77,1,37,1
42,144498,19,10,33,4,35,0
41,162863,24,5,72,3,20,0
42,130475,7,8,43,2,35,0
56,53314,27,8,42,4,35,0
54,76883,20,3,56,5,20,0
50,112086,22,3,53,2,2,0
45,126291,31,7,56,1,18,0
48,34967,7,4,37,0,30,1
21,68220,30,6,76,1,42,1
24,161019,15,9,79,3,29,1
27,195491,26,10,68,3,39,1
29,81131,17,2,50,2,22,1
56,53876,34,2,70,1,29,1
39,126448,14,6,40,0,46,1
21,176043,26,3,60,5,10,0
30,74228,16,1,56,3,20,1
56,99495,1,2,71,0,16,1
29,53261,30,7,75,4,6,0
52,131601,33,4,77,2,17,1
52,86260,33,2,56,0,6,0
26,159418,2,8,37,2,22,0
58,81176,16,4,62,4,18,1
37,77300,13,4,41,0,32,1
30,167412,13,2,64,0,28,1
47,58012,34,1,63,5,42,1
55,191465,0,1,45,4,10,0
41,127153,28,3,65,1,41,1
45,181629,3,6,31,0,22,0
48,98273,32,7,41,5,28,0
35,137328,16,9,56,0,15,0
24,135304,27,5,46,5,43,0
49,131637,25,9,49,3,29,0
29,173348,7,8,50,1,7,0
47,79639,33,1,59,0,34,1
46,146939,17,3,71,4,32,1
39,32310,30,8,49,2,2,0
48,191239,26,9,37,4,26,0
37,127944,15,4,47,1,45,1
40,166463,9,6,47,3,11,0
59,147013,11,4,47,3,25,0
43,166964,21,9,31,3,19,0
52,101733,15,2,41,5,20,0
53,192214,11,6,61,4,33,1
25,197687,10,3,71,2,17,1
54,134264,19,10,37,2,30,0
31,104071,0,4,39,5,18,0
23,197074,26,2,40,0,32,1
53,147611,2,8,43,5,40,0
31,95658,11,10,55,2,45,1
36,34852,29,8,76,2,4,0
38,30387,8,1,59,0,32,1
50,152571,0,10,71,4,19,1
30,122295,3,6,33,4,3,0
38,155381,14,1,68,1,38,1
58,64994,26,6,40,4,28,0
39,141912,7,7,53,3,38,1
56,189797,22,2,51,3,6,0
33,156632,14,9,32,1,40,0
23,149210,26,8,66,2,17,0
30,81565,30,9,31,1,42,0
58,26312,7,10,41,0,5,0
21,174277,29,4,50,1,19,0
47,150882,17,4,34,1,43,0
28,167667,3,8,36,5,42,0
37,112566,21,1,33,3,35,1
29,46329,2,8,72,0,22,1
26,93187,14,7,70,5,24,1
45,100542,34,7,65,0,10,0
59,133237,32,9,51,1,2,0
48,139476,13,10,58,5,28,0
53,60645,0,7,38,5,41,1
57,112502,25,2,55,0,37,1
29,112310,7,1,41,0,17,1
38,94619,15,1,77,4,6,1
41,58513,9,7,30,0,43,1
22,33749,25,5,37,5,5,0
58,186855,27,4,62,2,39,1
56,85645,11,5,33,0,7,0
57,78175,19,10,43,3,32,0
35,173395,13,10,58,4,4,0
48,75762,34,6,43,3,21,0
38,89222,28,10,38,3,42,0
54,190565,11,6,38,2,32,0
42,37213,17,1,55,4,18,1
31,122367,1,2,78,1,33,1
33,183785,1,3,76,5,14,1
24,132157,16,4,71,5,6,0
42,57583,9,6,46,0,11,0
27,153792,17,9,70,5,46,1
44,104944,21,2,33,2,20,0
24,47369,18,8,75,5,29,1
48,140844,0,9,32,2,35,0
35,44510,23,2,58,1,16,1
21,37120,24,9,54,2,48,1
23,124847,30,7,50,1,7,0
34,123575,30,9,41,1,40,0
58,154269,1,6,30,1,36,1
21,30295,18,2,30,2,44,1
58,45460,11,8,74,1,44,1
58,39963,9,10,75,2,31,1
41,102116,30,9,77,4,42,1
49,52328,21,8,36,1,44,0
25,109629,22,2,39,2,43,1
30,149034,22,8,44,2,43,0
48,46605,14,3,69,2,47,1
41,135901,25,3,40,0,6,0
27,133241,2,9,75,0,29,1
23,72598,22,9,74,1,27,0
40,97258,19,9,52,5,43,0
39,65969,7,4,42,4,2,0
55,192984,17,7,56,5,22,0
24,194446,5,8,70,1,9,0
25,87784,26,5,46,3,11,0
21,172000,14,1,79,3,16,1
24,46274,4,9,42,4,45,1
32,154994,8,6,41,4,13,0
47,59416,6,3,58,4,18,1
43,125434,19,3,50,0,25,1
45,185119,9,10,49,0,33,0
41,199428,25,1,49,3,10,0
44,193206,3,8,60,4,30,1
45,76310,23,2,37,2,49,1
52,105758,13,1,53,5,1,0
52,168435,0,7,40,3,33,0
25,55628,16,9,68,4,49,1
56,94672,23,6,62,2,15,0
59,71246,26,8,71,4,29,0
36,167233,6,8,44,1,2,0
53,114110,8,9,33,2,11,0
41,27810,34,7,30,5,34,0
29,96688,11,9,61,1,41,1
26,90548,20,9,40,0,19,0
55,36162,2,1,59,3,2,1
59,112858,14,6,66,4,48,1
42,98535,20,8,48,3,20,0
25,163291,9,10,65,5,41,1
43,95864,32,9,63,4,31,0
37,159693,5,4,36,1,4,0
32,143371,1,2,74,2,29,1
43,114792,28,9,49,2,30,0
36,91188,32,9,41,4,13,0
23,106718,3,8,61,1,15,0
50,61558,3,3,31,4,20,0
42,153938,28,5,51,4,34,0
29,171731,19,2,70,4,28,1
49,59413,22,3,77,2,20,1
57,35435,17,1,69,5,25,1
43,53067,24,4,53,4,27,1
33,112794,0,5,79,2,30,1
52,118823,14,2,60,0,41,1
43,94224,33,3,33,1,20,0
37,26379,19,6,53,0,1,0
41,127547,26,6,72,4,35,1
22,133541,21,7,46,2,49,1
57,183696,4,9,69,1,43,1
26,139634,33,4,48,3,24,0
38,153701,2,5,69,1,25,1
50,82745,16,2,67,1,40,1
42,128915,23,6,63,4,12,0
53,168588,23,4,76,0,11,1
50,154560,2,5,62,0,30,1
37,180915,6,7,35,3,13,0
52,161984,24,6,65,4,47,1
34,177586,2,8,42,1,25,0
30,184869,14,6,76,5,25,1
56,162521,28,10,38,0,17,0
54,157797,28,8,64,0,12,0
29,106406,9,4,63,2,11,1
48,34304,31,7,45,1,10,0
31,150555,22,3,47,4,17,0
34,169735,8,1,47,0,45,1
59,95320,13,9,67,4,16,0
39,119488,3,9,79,1,20,1
35,100591,19,6,72,1,49,1
48,120044,27,2,61,0,5,0
44,168748,13,8,36,3,41,0
28,50192,33,10,52,4,32,0
29,180794,12,6,52,4,27,0
53,163518,30,7,75,2,4,0
53,144304,32,1,47,1,41,1
39,160797,27,3,36,1,48,0
23,113207,24,1,71,0,7,1
30,98741,31,10,69,0,46,1
21,41365,8,1,53,0,14,1
49,90792,27,1,43,2,39,1
54,171776,30,4,79,3,24,1
33,75575,16,7,34,0,48,1
21,185974,22,7,75,0,18,0
54,144641,12,5,51,5,38,1
49,157267,9,6,51,0,39,1
33,78517,15,2,39,2,40,1
49,59012,5,5,55,4,1,0
59,167487,10,7,44,3,17,0
44,195606,2,9,67,4,26,1
46,46686,27,6,70,5,22,1
37,184815,14,10,71,1,39,1
27,57161,12,4,78,1,18,1
33,27402,16,3,30,0,38,1
25,88190,6,9,43,5,28,0
46,38275,27,7,65,4,21,0
23,184254,12,6,60,2,38,1
27,39915,16,7,57,3,33,1
59,25909,14,8,63,4,30,1
21,139110,27,5,64,5,42,1
37,90908,14,3,68,5,8,0
45,152337,10,3,52,4,30,1
23,47620,30,2,75,3,39,1
35,59112,3,8,73,4,9,1
49,27431,34,1,48,4,33,0
52,111590,33,8,47,3,43,0
46,87175,26,3,44,2,29,1
36,142472,9,9,30,5,31,0
45,57624,29,2,54,3,3,0
48,86264,19,10,55,0,38,1
29,138766,28,9,64,0,11,0
21,188030,28,6,44,0,5,0
49,157767,22,1,33,0,31,1
42,125211,20,5,44,1,20,0
36,144502,9,10,71,2,4,0
27,69225,11,9,67,1,8,0
34,157475,29,6,74,4,42,1
49,194708,32,7,68,4,35,1
39,35839,17,4,30,3,13,0
39,165302,13,1,51,0,49,1
22,76977,21,5,40,3,5,0
35,196304,20,2,75,4,40,1
23,138050,0,8,67,0,19,1
31,50651,14,4,66,5,18,1
50,122919,21,1,55,2,33,1
38,64963,31,10,56,4,4,0
22,142776,32,7,42,5,18,0
52,104198,22,2,36,3,46,1
28,169811,1,3,37,5,24,0
42,155697,1,9,75,3,43,1
26,88294,28,9,52,4,29,0
32,26789,2,2,55,1,31,1
56,175492,6,3,73,2,28,1
35,114297,28,9,56,5,9,0
48,193678,22,1,38,5,45,1
38,194712,15,2,75,4,26,1
22,143341,30,2,67,4,49,1
33,69135,33,10,76,3,47,1
35,62067,0,3,42,0,2,0
40,42357,17,10,36,0,6,0
49,195923,14,3,40,0,29,1
49,63262,16,10,39,3,26,0
23,83643,9,2,62,0,28,1
39,177606,19,8,68,4,7,0
23,116270,5,8,79,1,34,1
34,188944,7,8,32,1,45,0
24,163761,33,2,70,1,10,0
31,94103,31,9,58,0,48,1
51,111268,3,7,66,1,41,1
52,111310,19,5,74,5,40,1
47,62412,23,7,45,0,47,1
50,72734,23,8,45,5,22,0
22,112793,25,9,73,4,27,1
29,47228,24,2,79,5,39,1
48,145627,6,6,72,4,22,1
51,102924,9,9,78,3,19,1
54,36319,11,6,36,3,36,0
35,31475,0,2,44,5,9,0
45,170800,24,1,67,2,19,1
56,54545,15,3,35,4,2,0
28,121636,4,5,47,0,28,1
29,194771,18,7,48,2,39,1
57,192893,3,10,31,4,22,0
59,55615,5,10,32,0,6,0
52,38746,25,3,75,4,47,1
37,178817,8,9,54,4,7,0
55,26245,13,10,65,0,6,0
57,142408,8,4,78,4,33,1
39,137143,14,10,57,4,14,0
49,180925,19,2,67,4,1,0
27,52632,7,3,57,3,25,1
48,37856,31,5,61,1,6,0
29,93049,20,3,70,4,28,0
48,83182,18,5,65,0,18,1
26,158873,28,4,68,5,27,1
49,195821,30,10,65,4,49,1
37,80654,5,3,72,3,2,0
36,80381,3,6,52,3,40,1
43,83601,28,8,31,5,21,0
51,171154,2,4,39,4,23,0
23,170720,0,9,35,2,2,0
41,25364,14,6,37,5,16,0
46,190640,20,5,44,1,4,0
56,32436,30,3,74,0,34,1
57,111713,6,5,58,0,5,1
42,182826,16,5,57,0,49,1
32,85194,18,4,51,0,34,1
33,49544,2,6,63,3,22,1
31,88295,29,3,49,1,46,1
36,168710,34,10,62,4,20,0
28,94409,28,1,44,4,39,1
22,151839,13,7,36,2,47,1
50,138759,34,7,53,4,13,0
50,42157,27,4,55,1,44,1
32,90888,29,9,79,4,34,0
30,89947,25,2,39,3,44,1
31,95880,6,1,44,5,6,0
35,29507,30,3,66,4,29,1
36,128134,4,7,53,0,33,1
37,68988,34,9,40,0,1,0
46,123421,13,2,69,5,47,1
22,172937,26,6,50,0,48,1
32,127591,23,3,69,0,7,1
46,154614,28,5,67,3,22,1
43,52213,21,9,44,3,32,0
38,82450,7,3,44,3,14,0
52,160549,14,1,66,4,24,1
58,87222,4,5,74,5,19,1
23,162605,3,1,43,0,27,1
58,179468,10,8,72,2,23,1
23,37755,17,7,50,5,45,0
50,156937,29,2,73,2,21,1
21,167245,14,9,49,0,44,1
50,194169,5,5,62,1,29,1
52,58371,15,7,32,5,1,0
48,167326,8,4,69,4,31,1
41,160090,33,1,52,2,27,0
33,30192,26,8,73,5,44,1
47,27015,12,1,76,5,36,1
56,133154,26,3,52,3,27,1
27,53343,8,6,56,1,15,0
42,94306,4,8,64,3,25,1
30,30829,21,8,54,1,48,1
59,59381,30,2,61,1,15,1
35,136451,2,9,51,4,40,1
35,43263,29,4,37,5,19,0
24,199378,20,4,67,3,47,1
52,83418,34,2,47,3,11,0
43,25148,5,1,57,2,41,1
26,157826,27,10,57,5,33,0
44,51745,31,7,40,0,41,0
40,97914,24,10,41,0,23,0
57,176212,31,3,31,2,12,0
40,85653,34,4,66,1,2,0
32,103315,21,9,33,2,43,0
53,56075,23,6,70,2,21,0
48,186769,29,1,74,3,14,1
28,34795,31,9,74,2,34,1
21,89555,30,9,76,1,15,0
57,128107,22,5,63,0,21,1
42,76529,32,8,52,4,23,0
26,167744,24,7,42,5,21,0
41,192022,23,8,36,2,14,0
52,36009,30,9,61,5,21,0
55,175616,12,2,52,2,12,0
35,54381,9,10,78,5,42,1
25,152769,22,5,37,3,46,1
26,181359,17,8,79,3,47,1
45,89610,31,3,76,5,5,0
49,93122,32,6,76,2,2,0
27,93184,27,6,66,2,22,0
33,196153,15,7,63,1,6,0
58,112228,15,3,77,0,44,1
38,97943,17,8,58,0,2,0
22,105770,7,8,66,4,29,1
28,77726,15,9,52,0,36,1
31,178283,10,8,67,4,7,0
53,185552,5,3,58,3,16,1
58,72780,0,6,73,4,33,1
47,67503,11,9,34,4,33,0
40,82893,27,1,69,0,14,1
32,86358,16,3,40,2,43,1
51,105857,0,2,43,3,12,0
47,145457,31,8,78,1,43,1
52,178189,7,6,71,4,6,0
30,142928,23,10,31,4,12,0
23,83706,9,8,64,5,31,1
47,165548,9,2,74,4,12,1
55,107806,24,6,78,2,10,1
51,80006,9,7,64,1,40,1
35,112238,18,8,71,5,27,0
36,70798,14,9,57,0,7,0
33,102271,15,5,37,3,46,1
55,55177,1,3,61,2,36,1
31,153022,28,2,33,1,33,1
41,155156,3,8,74,3,27,1
31,107215,28,1,36,0,8,0
50,68013,30,10,68,3,5,0
55,107600,16,6,77,5,8,0
42,121099,9,2,56,4,40,1
58,78450,26,3,66,4,21,1
51,147640,14,8,46,2,24,0
34,117403,30,1,39,3,7,0
44,124290,20,6,33,4,19,0
52,156832,25,3,52,2,31,1
56,49142,16,6,43,2,36,0
52,135189,2,3,34,5,27,0
35,132532,13,8,31,2,29,0
55,173362,12,5,75,0,23,1
23,156436,26,4,53,4,20,0
36,81921,0,9,47,4,6,0
25,44797,16,5,56,1,12,1
41,57535,33,4,53,0,12,0
30,71300,13,8,58,4,3,0
39,72176,16,8,40,5,42,0
45,41105,2,8,77,4,39,1
24,164011,33,4,47,1,35,0
49,104472,24,1,77,3,19,1
39,198101,1,2,33,3,45,1
22,171935,33,4,62,0,4,0
30,103097,25,10,43,2,31,0
45,166519,30,2,73,1,42,1
40,121160,8,10,71,1,38,1
39,71940,29,3,61,4,33,1
43,110001,19,9,33,5,6,0
44,175714,20,9,49,4,8,0
31,32928,28,9,50,5,28,0
54,73002,24,7,32,1,15,0
48,109853,24,4,54,2,31,1
25,139614,8,1,33,3,8,0
25,142517,25,3,76,0,6,0
41,181089,15,8,40,5,29,0
32,104064,11,4,45,3,46,1
24,144694,23,10,65,0,34,1
40,169385,25,10,35,2,7,0
58,157631,19,2,60,1,40,1
45,75893,8,8,69,2,10,0
34,40167,22,7,42,5,13,0
31,63598,28,10,52,1,22,0
52,163595,30,9,33,4,21,0
31,74777,18,2,66,0,1,1
38,184511,19,5,71,4,41,1
47,141378,22,6,66,1,42,1
38,106060,26,2,73,0,2,1
43,38285,29,2,62,0,29,1
31,167045,20,10,71,4,11,0
41,147970,34,4,58,0,37,1
25,47694,6,8,66,1,7,1
43,191846,21,5,48,5,35,0
45,160374,9,9,49,5,30,0
30,178463,22,4,61,1,16,1
42,29611,14,3,73,4,15,1
39,34372,29,10,45,2,40,0
21,180384,33,8,34,1,20,0
27,170152,12,1,78,5,28,1
24,105618,3,9,75,1,37,1
21,137945,17,4,41,0,3,0
35,133397,22,9,74,0,29,1
32,121213,32,8,50,1,37,0
42,45874,33,3,43,4,9,0
42,157669,33,3,66,2,27,1
37,36600,34,9,51,0,32,0
49,159819,16,3,59,5,48,1
34,104415,27,4,52,0,46,1
40,180887,13,9,34,5,39,0
53,119348,33,4,58,2,31,1
35,130736,10,3,59,0,47,1
32,49714,12,7,47,4,26,0
40,174962,32,6,75,5,40,1
50,160797,1,1,79,0,3,1
58,199277,33,10,30,0,11,0
23,176756,28,8,68,1,29,1
48,136573,3,1,46,4,27,1
46,38092,11,4,32,4,47,1
50,120918,25,6,71,1,10,0
33,195842,27,6,36,5,35,0
33,50457,2,7,56,3,47,1
22,96667,19,5,57,2,23,1
57,115751,9,5,73,4,6,0
58,87894,17,4,60,3,11,0
22,86305,26,6,44,5,43,0
56,168684,30,7,77,2,27,0
46,193161,26,10,37,4,31,0
31,77137,0,10,35,0,30,0
28,25559,5,1,57,4,3,1
42,91249,10,9,33,2,13,0
40,62361,33,8,59,3,40,1
28,105720,19,7,72,0,21,1
49,40261,20,9,46,2,43,0
46,45372,20,3,63,5,11,0
50,80355,17,10,35,2,45,0
37,123560,20,4,65,4,3,0
40,188616,18,7,64,5,38,1
36,25037,3,6,68,1,31,1
27,199104,12,2,68,1,24,1
36,66420,17,2,45,0,42,1
47,122243,28,10,31,2,12,0
43,154380,24,7,37,3,46,0
44,59600,12,9,44,0,43,1
29,114520,26,9,56,5,27,0
55,30167,18,7,45,0,21,0
40,25432,0,8,30,4,25,0
57,94687,18,10,39,5,30,0
37,96947,0,3,36,3,30,1
51,121324,16,1,77,2,10,1
28,75903,20,7,39,5,3,0
35,90792,21,8,41,2,13,0
51,58439,14,2,46,2,27,1
50,189329,31,9,74,0,18,0
40,76248,3,4,41,4,45,1
59,193369,31,10,44,0,24,0
32,59743,3,9,75,1,46,1
37,104803,0,3,61,1,14,1
50,100117,32,8,61,2,39,0
49,47076,6,2,55,4,44,1
39,112483,8,3,43,5,4,0
31,159035,0,1,79,2,16,1
54,144217,15,5,55,5,10,0
27,169938,17,4,34,2,48,1
54,129504,5,1,67,0,37,1
40,188377,1,10,79,2,27,1
58,130649,8,9,75,2,48,1
44,151244,3,6,33,4,1,0
30,57813,22,6,57,4,5,0
52,91729,7,2,30,5,13,0
35,29512,24,7,42,4,45,0
57,178738,15,9,72,2,3,0
40,172702,34,6,32,4,17,0
23,142907,16,8,78,4,19,1
57,156708,17,5,79,3,37,1
28,159847,26,2,54,3,5,0
43,89591,14,4,71,1,47,1
31,36351,16,1,45,0,42,1
28,140400,4,1,50,0,44,1
49,145533,15,6,42,4,24,0
50,128627,14,2,73,1,43,1
30,153381,33,6,65,1,33,1
59,120707,18,1,37,5,21,0
48,106678,7,10,73,3,3,0
56,98309,9,3,48,1,4,1
33,35778,4,9,76,2,32,1
52,168573,25,2,45,5,24,0
56,137713,21,8,41,4,35,0
57,158180,22,6,49,2,18,0
46,61382,12,6,47,0,3,0
42,100787,8,7,41,3,39,1
24,48341,19,5,77,2,26,1
51,170439,27,4,54,4,24,0
38,144967,23,6,40,2,1,0
58,156066,32,8,51,2,34,0
44,168074,19,4,75,1,12,1
43,110820,29,5,63,3,17,0
42,84949,8,7,42,0,21,1
22,171772,16,6,75,4,21,1
51,87543,13,4,67,5,3,0
31,185390,18,4,41,5,44,1
48,52610,6,10,68,4,28,1
52,90226,2,4,65,0,25,1
25,70167,32,1,57,4,44,1
58,184011,31,5,56,1,6,0
30,92381,10,8,68,5,42,1
44,71710,1,7,42,5,30,0
55,41766,25,5,72,2,32,1
43,127416,3,3,69,1,22,1
37,37780,16,1,56,5,38,1
21,73458,16,7,60,1,14,0
51,81221,27,3,31,1,34,0
51,26509,29,4,47,0,43,1
54,114493,22,5,55,5,47,1
29,190418,23,8,71,3,26,0
42,141850,28,7,60,0,40,1
33,182220,3,9,67,0,13,1
45,56533,28,3,51,1,30,1
38,133144,18,10,65,3,19,0
32,147402,26,1,48,0,42,1
37,103467,28,1,43,3,41,1
35,26359,34,10,43,5,39,0
35,144119,5,1,79,1,3,1
35,45344,22,2,58,0,31,1
59,143499,7,2,46,3,12,0
33,94778,1,7,79,4,15,1
37,45601,12,9,79,0,45,1
52,175188,20,8,66,0,38,1
29,126013,30,4,38,0,40,1
40,55782,26,2,30,3,14,0
46,136095,22,3,33,2,35,0
47,122123,20,10,36,5,16,0
41,69458,12,5,40,0,24,0
38,149225,25,9,43,4,17,0
33,164152,6,8,71,4,18,1
36,190029,21,3,48,1,42,1
29,169980,22,9,69,2,17,0
32,121188,29,10,32,2,16,0
58,146292,17,3,37,3,21,1
39,115570,17,10,58,1,24,0
27,148791,9,8,79,3,34,1
55,150291,29,1,66,1,36,1
38,123375,25,4,72,5,43,1
36,63314,6,4,38,2,27,1
59,133880,6,6,48,5,39,1
24,125326,4,2,41,3,17,0
45,171903,0,7,56,1,25,1
52,146026,17,5,66,2,38,1
33,176197,12,10,77,2,42,1
37,87451,24,6,54,0,21,0
57,70708,7,6,74,3,4,1
26,42682,9,6,67,0,25,1
39,127406,31,10,77,2,30,0
33,191866,16,8,79,3,33,1
46,84372,14,10,46,3,39,0
34,64477,14,4,73,5,26,1
51,194809,19,10,62,4,25,0
24,158692,14,8,68,1,16,0
59,191129,34,9,43,4,49,0
28,196210,5,4,57,4,24,1
45,78024,29,1,47,2,5,0
33,165749,7,3,62,5,42,1
52,180146,30,1,71,1,39,1
58,42824,31,7,44,4,13,0
58,156837,14,1,40,4,30,1
48,122151,17,4,65,3,7,0
50,73926,12,1,44,2,47,1
23,192932,23,2,77,4,17,1
48,37975,13,1,59,1,27,1
23,99877,27,5,44,0,35,1
54,102870,10,7,78,0,5,0
36,106371,5,3,52,2,42,1
42,182620,24,8,72,0,5,0
52,125970,0,5,79,3,24,1
58,123066,24,5,77,3,7,0
28,194808,1,5,44,1,7,0
28,86562,31,8,58,5,14,0
26,65409,12,2,40,2,15,0
34,34834,32,2,74,2,5,0
52,127192,31,8,47,0,37,0
55,25840,23,9,69,4,4,0
30,56568,26,10,60,4,30,0
23,35846,3,10,38,5,20,0
32,161971,23,2,51,4,26,0
51,111038,22,4,40,5,9,0
49,194845,28,8,46,1,30,0
25,154789,33,2,62,2,44,1
45,132460,20,4,40,0,48,1
51,99723,29,10,68,1,22,0
41,129194,25,1,37,3,40,1
40,136417,19,2,33,3,41,1
59,160383,15,7,65,3,44,1
42,81888,2,1,48,5,30,1
24,66616,24,1,53,5,20,0
33,31083,22,2,70,2,28,1
40,168670,0,4,78,3,7,1
33,107476,32,7,47,5,4,0
37,117416,14,4,62,5,28,1
56,27580,16,5,75,4,35,1
53,147834,33,4,65,5,33,1
21,137148,16,4,39,3,7,0
35,67321,3,9,43,1,9,0
33,34386,12,6,36,3,34,0
37,78171,3,3,41,4,39,1
44,175594,6,6,51,3,42,1
28,170707,8,7,56,0,34,1
47,156743,22,7,77,4,13,0
43,58545,32,8,66,2,29,1
28,51855,32,4,40,3,35,0
28,60790,19,1,65,5,45,1
46,76012,3,6,42,1,10,0
33,142827,0,8,61,3,30,1
59,39260,33,5,37,1,44,0
57,26074,26,3,36,0,26,0
48,198748,20,4,72,2,35,1
45,165547,23,8,72,5,28,1
36,171192,14,6,46,4,29,0
22,179219,34,5,51,4,6,0
38,26986,24,9,75,2,3,0
37,188502,8,10,63,0,29,1
50,80479,16,3,49,0,2,0
59,155833,20,7,37,3,22,0
33,27176,12,9,51,0,46,1
52,109258,2,4,56,3,47,1
49,140188,3,10,63,1,27,1
50,109153,3,10,50,2,22,0
38,183187,27,3,44,1,10,0
33,102442,6,1,34,1,49,1
41,65002,25,9,67,1,49,1
50,82124,10,1,46,1,19,1
41,162682,23,2,37,4,24,0
37,74752,9,9,48,0,27,0
39,103947,12,5,34,2,36,1
35,143972,18,4,52,2,43,1
29,99716,18,9,48,5,17,0
30,35073,11,9,43,1,10,0
51,62251,21,2,39,2,17,1
43,121496,29,3,60,3,44,1
50,63897,11,3,42,2,10,0
53,76616,28,5,51,1,10,0
29,29482,20,3,66,2,38,1
21,132990,10,10,68,0,17,1
55,195646,17,6,39,1,26,0
31,68284,26,2,60,4,26,1
54,97932,11,6,72,0,34,1
36,32338,22,6,64,2,4,0
29,198790,33,2,42,4,27,0
52,168572,22,6,59,5,21,0
35,167617,24,6,63,0,36,1
32,86480,3,6,65,5,38,1
53,161313,29,5,64,3,46,1
34,178893,29,7,76,0,31,1
28,29695,12,5,33,4,7,0
28,39318,13,1,33,5,44,0
47,75934,7,9,76,3,34,1
32,178403,23,3,35,5,18,0
21,146282,17,2,57,2,24,1
31,116891,34,10,59,1,13,0
59,93754,24,6,56,5,13,0
51,110677,16,8,34,2,25,0
37,127320,31,2,73,1,5,0
53,158909,23,4,68,1,39,1
52,150261,6,2,64,4,29,1
49,130338,12,9,68,3,44,1
41,65077,26,10,73,3,46,1
41,104915,4,2,44,0,33,1
43,160311,25,10,48,2,24,0
26,54669,30,2,59,4,10,0
42,73624,9,5,67,5,25,1
58,100147,25,5,61,2,41,1
57,160222,21,7,69,5,10,0
28,167181,11,1,58,5,39,1
55,182088,31,2,35,5,16,0
31,168008,26,6,55,0,28,1
44,167108,32,2,56,0,12,0
41,195308,19,4,64,4,44,1
22,170093,12,10,57,0,32,1
39,61943,13,6,34,4,29,0
59,138694,21,7,70,0,45,1
48,179316,17,10,77,3,27,1
37,148351,28,5,45,4,26,0
26,63985,15,8,70,3,3,0
39,157574,34,6,47,3,26,0
58,78836,33,5,42,4,39,1
48,124714,2,4,72,2,1,1
22,28770,3,6,54,1,35,1
58,67865,4,6,39,0,27,1
57,78811,9,6,58,5,46,1
24,29001,28,1,39,0,4,0
42,85848,31,6,35,5,19,0
46,77635,30,1,45,2,22,1
56,45946,1,5,54,1,6,1
33,120852,11,7,73,2,9,0
52,116103,26,1,33,1,11,0
37,68744,4,1,66,4,22,1
56,142729,26,6,63,4,47,1
39,195231,22,7,48,5,9,0
55,48671,32,6,62,3,29,1
48,172522,3,5,33,3,43,1
21,170980,20,6,73,5,10,0
38,191590,23,3,63,4,34,1
53,82813,30,9,41,5,31,0
32,121748,23,5,60,3,22,0
28,162878,9,2,45,5,46,1
44,129733,1,10,31,4,4,0
36,196963,30,10,78,2,2,0
24,151865,24,7,31,0,5,0
58,108551,3,3,65,4,46,1
47,154335,10,1,35,5,15,0
29,64220,16,3,52,4,19,0
36,42158,1,9,68,4,38,1
32,105992,5,5,76,3,15,1
51,183660,8,7,73,5,46,1
44,87576,4,3,66,3,8,1
34,113027,19,4,75,5,20,1
45,180260,28,1,45,3,12,0
54,83830,20,3,72,3,4,1
23,160091,8,7,73,2,38,1
44,37419,27,4,48,4,43,1
29,58697,7,2,78,2,39,1
46,109932,30,5,53,3,36,1
40,144712,19,5,56,2,15,0
30,120428,26,2,36,4,1,0
39,164045,7,6,59,4,31,1
23,111649,20,10,70,3,9,0
44,147649,27,4,43,4,23,0
25,36136,22,1,73,2,26,1
23,109739,5,3,44,1,40,1
47,87502,2,9,41,4,44,1
36,187357,4,10,58,2,39,1
35,48039,8,7,52,2,18,0
55,91720,6,6,42,2,33,0
32,148168,3,1,38,4,41,1
46,113263,4,9,53,1,39,1
54,84155,10,9,68,3,14,0
43,41911,14,1,59,3,1,0
51,25916,33,6,30,4,13,0
40,84052,12,7,39,4,15,0
32,42790,6,2,67,0,37,1
43,161278,5,10,76,5,5,0
24,146937,29,8,44,1,14,0
43,110053,21,8,38,2,14,0
21,74950,24,6,42,5,46,1
45,141211,27,9,52,2,5,0
22,81361,19,3,62,5,11,0
50,86451,2,2,38,3,32,1
23,62696,4,2,32,5,5,0
41,127395,0,6,59,4,36,1
45,149121,14,7,38,1,15,0
40,71728,25,6,54,3,7,0
42,80401,2,3,76,5,5,1
41,50103,33,5,53,1,30,0
53,190335,4,8,61,4,15,0
58,75044,30,6,36,2,30,0
35,82730,12,2,65,0,14,1
35,50825,0,7,54,1,24,1
45,62271,21,8,49,2,24,0
41,102256,14,4,46,1,35,1
44,91433,25,1,65,1,5,1
25,126999,17,2,55,1,12,1
26,48572,8,4,48,4,20,0
43,63546,0,7,66,3,46,1
24,171222,8,2,77,1,5,1
47,79165,22,6,32,4,36,0
38,88690,1,2,72,0,21,1
41,61948,13,7,57,3,48,1
48,193102,17,2,51,4,39,1
55,52007,15,3,76,0,3,1
42,125819,28,9,48,3,29,0
43,116207,10,4,75,4,25,1
23,101772,5,5,45,0,27,1
30,47024,2,9,35,4,36,1
45,195456,13,7,66,0,22,1
28,107912,1,8,60,1,38,1
31,174229,31,3,78,1,35,1
25,110481,30,4,77,3,1,0
57,113553,10,7,63,0,3,0
58,157828,21,4,60,1,24,1
49,127488,2,2,40,3,8,0
25,121741,30,10,65,2,48,1
29,103210,32,6,35,1,39,0
22,199166,23,9,56,1,18,0
21,160607,0,2,36,5,41,1
50,72367,14,1,78,4,3,1
31,173190,26,8,61,2,18,0
48,84884,26,1,37,0,16,0
32,169352,11,1,62,3,32,1
59,170818,2,3,76,2,1,1
46,127572,29,5,73,0,26,1
33,78251,31,9,44,1,48,1
28,109821,22,10,56,5,12,0
48,108583,1,2,59,3,38,1
50,35207,6,1,51,3,21,1
29,52757,33,1,76,2,41,1
59,172298,31,8,58,4,13,0
51,183278,31,10,70,0,12,0
41,176328,13,10,77,5,13,0
54,58822,2,10,59,5,18,0
51,66340,31,2,31,2,19,0
45,68351,16,9,44,4,19,0
32,131311,2,9,76,4,6,0
21,100320,9,2,56,4,48,1
42,127565,17,3,36,3,7,0
57,191229,2,2,56,0,7,1
21,44937,9,6,50,0,28,1
21,36219,8,7,42,2,28,0
41,34399,10,6,46,1,19,0
35,151733,32,3,40,2,16,0
37,183729,25,3,39,0,17,0
42,45047,26,2,62,3,22,0
58,110693,21,2,43,2,19,1
55,125931,25,5,66,1,48,1
36,162852,21,8,37,5,29,0
28,52050,4,6,62,2,48,1
37,98551,34,9,36,4,19,0
37,93666,1,5,63,1,47,1
46,107016,34,10,36,4,35,0
33,138135,8,4,36,3,47,1
37,78010,17,9,70,0,25,1
58,63165,11,10,65,2,48,1
37,36528,2,5,36,2,20,0
34,145840,17,1,49,4,37,1
26,161986,6,5,47,4,19,0
55,62136,32,5,74,0,42,1
34,167251,5,5,72,2,13,1
28,111008,17,2,70,0,47,1
35,37076,21,6,43,4,12,0
47,148911,8,5,69,5,49,1
33,180855,34,2,43,4,15,0
51,141625,22,10,50,1,4,0
55,75298,11,8,78,4,15,0
26,79304,23,6,56,4,17,0
25,104360,8,10,75,5,27,1
42,94835,12,3,55,0,11,0
43,137424,16,9,56,1,23,1
45,164190,6,4,53,1,15,0
54,81911,16,3,34,2,31,1
46,128088,23,7,71,5,26,1
25,40185,1,8,67,3,7,0
46,197864,34,7,57,2,13,0
40,75613,27,1,71,2,13,1
26,189999,18,1,72,2,20,1
26,25386,32,5,61,1,34,1
38,55020,20,8,53,0,10,0
24,67678,9,10,35,4,37,0
37,86394,8,3,39,1,27,1
34,140377,5,8,75,4,34,1
34,146716,34,3,32,4,36,0
33,80918,17,4,36,3,16,0
27,140640,18,10,58,2,21,0
35,185527,4,7,63,3,16,1
39,129446,24,3,36,2,17,0
55,194807,10,4,46,1,15,0
37,119702,9,8,42,4,13,0
55,130509,16,4,50,3,33,1
39,118608,25,9,60,5,5,0
40,139310,30,4,38,1,27,0
56,168181,31,4,74,1,1,0
55,70802,20,5,76,5,44,1
52,59622,17,1,42,2,30,1
44,134935,17,7,46,4,23,0
37,142919,0,9,37,2,15,0
27,158669,13,9,38,2,36,0
21,196669,7,1,38,1,19,1
55,197026,1,6,69,2,30,1
52,94519,14,3,77,0,16,1
56,199223,33,4,59,5,18,0
33,173112,0,8,36,5,26,0
26,69772,20,4,46,4,17,0
34,147431,0,8,68,5,11,0
57,121090,31,4,67,2,45,1
35,183988,19,9,34,2,29,0
24,69871,29,6,46,3,9,0
36,51372,6,1,69,4,49,1
48,64080,21,10,30,4,17,0
36,131242,9,2,45,5,27,0
24,67722,7,7,46,2,37,1
46,54048,26,10,59,0,22,0
48,110205,9,7,60,3,8,0
52,165849,13,3,64,0,3,1
22,79711,10,1,74,2,38,1
51,192403,5,8,37,4,35,0
23,45968,20,10,77,4,32,1
28,36292,32,10,59,0,8,0
44,196866,18,7,68,1,44,1
35,104459,23,10,50,2,27,0
51,75192,17,8,44,4,32,0
29,183775,34,1,63,5,36,1
59,109193,18,3,56,1,34,1
22,94165,23,2,31,4,25,0
28,92650,33,1,39,5,31,0
27,154858,21,5,34,4,42,0
59,126398,3,3,56,1,47,1
36,122885,9,10,33,0,13,0
55,178329,1,8,76,2,15,1
50,125588,7,6,42,1,13,0
30,128356,32,10,46,1,33,0
58,108509,27,9,50,4,31,0
38,76672,9,9,52,5,25,0
25,47113,0,6,62,1,48,1
49,25694,33,2,79,2,40,1
59,40588,2,9,44,0,23,0
54,89373,8,2,43,5,38,1
43,110603,4,3,38,0,3,0
25,31704,9,6,73,0,16,1
50,65136,11,2,66,2,2,0
26,92507,17,5,59,4,23,0
24,72361,20,2,58,5,34,1
49,83847,20,4,52,5,30,0
43,131359,0,3,63,2,47,1
26,167513,2,5,36,5,10,0
52,143906,4,6,38,1,1,0
38,39677,24,7,79,3,22,1
35,52818,7,10,33,3,47,0
52,26868,16,8,31,3,33,0
29,108591,8,9,56,0,25,1
57,148962,31,4,62,5,22,0
30,92264,5,4,61,2,16,1
40,98168,20,7,73,5,30,0
26,168115,6,10,74,2,18,0
23,96939,6,10,75,5,24,1
31,40732,26,9,66,0,5,0
37,80244,7,2,56,1,37,1
52,174598,8,6,57,3,23,1
24,34340,27,10,32,3,42,0
24,47394,14,10,65,5,27,1
37,123557,1,8,78,0,12,1
39,160174,6,5,72,3,10,1
25,44159,17,5,37,5,34,0
52,147366,21,8,73,4,33,1
42,31212,9,1,79,5,16,1
26,62405,32,6,79,2,29,1
55,155632,6,10,70,3,18,0
42,102061,2,9,66,3,27,1
21,119296,13,6,78,4,7,0
40,80186,12,7,74,1,36,1
42,148145,15,4,67,5,27,1
31,35532,15,10,51,1,10,0
33,91540,4,1,43,5,10,0
23,128021,24,9,44,4,11,0
29,28271,25,6,75,1,30,1
32,25209,12,3,33,0,3,0
43,161611,25,4,47,4,29,0
34,44977,0,10,30,5,14,0
53,134920,7,6,41,2,13,0
38,153156,3,6,70,2,19,1
29,124588,20,9,71,2,25,1
43,93684,21,4,79,5,10,1
30,148862,2,5,46,3,15,0
39,30607,18,5,48,4,28,1
25,119786,0,3,65,4,40,1
43,151406,28,2,77,1,49,1
50,174666,22,8,36,4,38,0
45,32399,32,10,38,4,7,0
48,151812,22,9,37,1,14,0
54,181189,4,10,54,4,30,0
45,123662,6,9,36,4,40,0
30,58617,5,5,71,0,12,1
34,163570,21,9,37,5,28,0
50,127826,12,4,53,1,14,1
45,154851,11,2,46,0,1,0
34,136077,3,3,41,3,4,0
55,75624,7,1,75,1,49,1
54,34628,30,5,60,5,18,0
30,156401,25,1,41,4,36,1
55,63619,7,1,31,4,32,1
31,32032,32,7,41,0,28,0
31,63034,28,2,56,0,28,1
41,127658,4,8,75,3,38,1
41,146123,27,6,36,3,32,0
42,111158,16,4,42,5,8,0
27,80264,22,9,65,4,25,1
37,119120,8,10,30,2,47,0
22,72850,1,8,78,3,20,1
32,29722,31,10,64,4,33,0
38,42772,30,3,59,3,30,1
31,111105,6,3,60,1,37,1
36,197751,29,4,46,0,16,0
38,29576,2,9,37,4,25,0
55,182779,8,9,32,3,38,0
46,124404,9,5,39,0,42,1
36,197704,25,9,63,2,10,0
26,66476,0,6,51,3,5,0
32,186357,29,8,33,4,8,0
33,49154,14,8,61,1,33,1
24,176126,24,10,58,0,37,1
59,42165,5,7,75,0,1,0
22,39439,17,4,40,1,31,0
46,143211,0,4,75,4,7,1
47,69518,2,6,42,5,47,1
47,51962,16,9,33,2,23,0
35,62763,7,7,31,5,24,0
28,141189,16,5,63,1,14,0
27,135290,24,5,72,2,23,1
32,135814,11,8,51,4,9,0
33,44464,28,6,34,3,8,0
37,198108,24,1,38,3,8,0
37,148980,24,1,49,5,3,0
56,189342,28,9,50,4,32,0
41,67299,10,8,46,2,4,0
28,56541,3,6,41,5,49,1
25,98545,13,1,57,1,38,1
46,154188,16,2,47,5,2,0
36,54765,1,10,32,4,9,0
56,48769,7,3,34,4,46,1
48,45156,9,10,43,3,1,0
49,169507,6,3,77,1,49,1
32,192207,15,2,55,3,11,0
57,98631,13,2,48,2,29,1
50,62909,15,6,70,2,26,1
43,94487,24,7,46,0,27,0
36,177540,3,4,68,4,38,1
34,72655,28,1,71,1,29,1
30,190413,5,6,33,1,33,1
27,76786,0,7,71,3,28,1
57,93304,0,4,64,5,31,1
49,128606,2,6,53,5,19,0
23,145938,0,9,70,3,48,1
35,190051,0,4,42,5,26,0
56,105981,20,10,62,1,29,0
39,80107,29,4,44,3,11,0
33,157232,31,10,44,5,41,0
41,112897,32,5,60,0,32,1
57,97577,21,3,72,4,21,1
47,166918,29,10,57,0,38,0
49,129180,3,2,39,5,34,1
40,44924,22,9,36,2,40,0
45,136193,24,1,62,1,22,1
26,169954,11,5,36,0,48,1
56,26095,16,5,34,0,27,0
22,129205,14,8,55,3,8,0
42,197055,9,6,45,3,40,1
52,39123,34,6,37,3,46,0
36,70278,28,6,51,5,31,0
38,122911,11,4,63,2,1,1
25,76999,0,1,69,0,39,1
56,56153,0,3,57,4,34,1
50,43344,9,10,75,3,47,1
39,62656,17,6,65,2,24,1
43,26212,1,5,76,5,28,1
54,145385,7,10,36,2,4,0
33,165073,21,1,69,3,18,1
49,103784,21,5,72,1,29,1
56,123723,25,2,57,0,23,1
42,106144,25,1,31,3,37,0
56,192499,8,4,38,4,27,0
29,56368,20,6,35,0,16,0
59,86160,30,7,30,2,45,0
39,181926,5,9,32,4,27,0
58,35715,13,5,39,0,9,0
26,83784,32,8,66,4,5,0
35,154193,6,8,73,2,8,1
40,124644,23,9,52,3,18,0
29,51797,8,3,62,4,35,1
52,72573,10,3,38,3,6,0
24,101120,22,9,42,2,43,0
38,39780,1,7,57,2,23,1
25,62905,14,4,36,4,46,1
40,177645,34,1,55,4,26,0
43,141049,27,7,45,2,39,0
31,154651,3,10,69,4,24,1
57,58359,9,6,55,4,10,0
42,91062,5,3,68,4,15,1
24,98391,29,5,61,5,38,1
49,68463,34,3,65,4,20,0
54,124596,9,8,71,0,29,1
33,120018,31,5,30,2,6,0
29,41571,2,10,78,2,48,1
51,175214,25,10,50,1,9,0
27,50104,14,6,42,3,5,0
24,33625,16,2,55,1,48,1
39,64199,26,8,74,4,39,1
50,145725,17,9,38,4,19,0
51,171998,18,3,66,0,5,0
55,56218,11,6,52,0,20,1
41,116916,23,6,30,0,11,0
51,148182,4,2,31,0,27,0
39,45566,23,10,72,0,29,1
51,58205,26,8,57,0,7,0
52,134084,29,5,65,0,3,0
22,54717,14,8,60,0,5,0
30,132292,33,8,70,5,13,0
22,181207,26,3,34,0,16,0
22,184236,19,5,66,2,12,0
44,63562,31,7,54,0,39,1
37,45169,3,5,37,3,27,0
52,46604,4,6,63,0,45,1
36,114670,7,2,68,5,33,1
36,139605,21,8,78,4,15,0
59,113738,6,5,61,5,21,0
51,156756,21,6,40,5,44,0
44,153140,29,1,76,4,17,1
21,127537,15,10,54,0,37,1
31,136301,14,2,32,0,49,1
41,33007,4,4,74,4,15,1
24,139915,2,9,79,3,20,1
27,142419,22,6,61,1,19,0
46,66787,9,8,64,2,1,0
32,74582,4,2,61,4,4,1
51,108629,22,10,63,0,3,0
37,30782,14,5,66,2,8,0
53,91770,17,1,34,0,41,1
31,82645,24,4,74,1,44,1
48,128509,7,10,57,1,5,0
52,188068,30,1,57,4,9,0
21,54204,20,9,37,2,1,0
48,42152,1,2,56,5,43,1
27,115555,21,7,45,2,30,0
22,44689,7,3,47,5,7,0
44,108251,22,2,54,1,22,1
24,131565,31,4,77,0,20,1
39,178014,7,7,30,5,29,0
46,63712,3,7,37,5,27,0
31,74632,29,9,50,4,25,0
31,194103,18,3,63,3,46,1
23,45478,22,7,53,1,35,1
32,47551,17,6,66,5,27,1
23,73068,28,10,55,1,11,0
47,118608,22,7,76,4,17,0
22,60561,32,7,43,0,31,0
36,158964,17,10,58,2,18,0
22,49395,32,5,59,1,19,0
50,43756,6,9,32,4,38,1
40,190723,27,7,36,4,29,0
58,91333,0,7,65,4,15,1
48,177418,33,3,40,2,7,0
45,138561,18,1,61,1,37,1
52,53024,30,5,41,5,37,0
30,196890,12,8,44,4,7,0
53,30947,23,5,67,2,22,1
33,152192,4,10,53,0,12,0
57,119238,22,3,30,3,8,0
36,92428,18,9,47,1,18,0
42,185826,0,2,75,2,28,1
40,88355,32,3,36,3,18,0
47,154958,32,4,71,3,31,1
36,169490,31,10,70,2,17,0
54,160905,27,1,31,5,23,0
52,197905,11,4,69,5,11,1
46,156637,8,4,60,2,15,1
45,196252,10,9,62,2,30,1
22,43402,32,8,59,4,31,0
32,198917,18,2,60,0,6,0
29,100851,33,7,63,5,12,0
32,37834,6,6,36,4,23,0
46,92850,30,7,54,3,39,0
29,62180,1,4,45,3,40,1
30,159955,18,5,51,3,36,0
52,134688,31,6,65,2,35,1
54,131520,9,9,56,1,3,0
40,36695,7,2,46,4,42,1
59,152135,25,9,33,1,28,0
22,179195,29,10,64,0,15,0
21,83481,10,1,70,0,13,1
56,98438,19,4,51,4,19,0
44,136491,19,5,76,3,40,1
47,173645,8,9,64,5,18,0
22,146844,7,6,73,0,31,1
51,119910,14,4,44,1,37,1
34,81494,33,2,69,1,21,1
22,168360,23,5,73,5,39,1
49,71978,32,8,50,2,5,0
35,142845,26,8,42,3,17,0
32,155621,20,6,76,2,19,1
57,79672,4,1,40,4,4,0
48,86821,34,8,78,0,26,1
40,108661,20,4,56,5,24,0
59,94224,3,2,60,5,39,1
44,114405,15,1,73,5,38,1
41,79796,30,7,61,2,46,1
30,153554,25,2,59,2,19,1
34,148777,34,4,47,4,30,0
57,29023,5,4,45,1,26,1
38,192807,32,10,64,1,11,0
44,97959,20,1,38,4,39,1
34,64218,15,2,68,5,3,1
54,168285,33,1,66,1,22,1
32,53460,14,6,39,4,17,0
42,149579,5,3,41,1,11,0
26,89680,1,1,37,4,47,1
56,56017,23,8,32,1,39,0
56,117038,27,4,48,5,47,1
42,187062,0,10,40,2,27,0
34,44515,0,7,37,2,49,1
36,186063,27,10,55,5,43,0
56,163706,19,2,74,1,29,1
45,185449,7,6,52,5,12,0
52,58001,0,6,39,4,13,0
53,26391,25,7,47,2,11,0
56,134388,24,1,41,0,31,1
40,67215,9,1,68,1,11,1
38,104720,11,2,55,0,41,1
58,52114,6,2,40,0,43,1
23,167954,11,5,39,3,36,1
43,138142,16,1,32,0,2,0
52,173345,4,2,36,0,23,1
36,131206,13,6,33,5,36,1
25,70647,33,3,69,3,14,1
24,67679,16,4,37,3,37,1
41,25427,34,1,67,3,49,1
34,154669,0,5,42,4,27,1
